row,no,addr,district,action,conf,via,why,oldLat,oldLng,newLat,newLng,movedKm
2,PDP-0037-19,42 Smiths Island,St. George,kept,,,,32.370337,-64.662784,32.370337,-64.662784,
3,BR-0060-19,36 Wellington Street,Town of St. George,kept,,,,32.3795954,-64.6798981,32.3795954,-64.6798981,
4,BC-0026-19,11 Woodlands Road,Pembroke,kept,,,,32.2995297,-64.7891029,32.2995297,-64.7891029,
5,PDP-0075-19,22 Rose Hill Road,Southampton,kept,,,,32.2611314,-64.8705102,32.2611314,-64.8705102,
6,PDP-0071-19,12 Cedar Hurst Place,Southampton,kept,,,,32.2592094,-64.8649653,32.2592094,-64.8649653,
7,PDP-0102-19,165 South Road,Paget,kept,,,,32.2896781,-64.7642965,32.2896781,-64.7642965,
8,BR-0082-19,10 North Ridge Crescent Unit: B,Devonshire,kept,,,,32.3118319,-64.7551732,32.3118319,-64.7551732,
9,PDP-0134-19,4 Pokiok Road,Smiths,kept,,,,32.3087506,-64.7345598,32.3087506,-64.7345598,
10,PDP-0146-19,23 Green Acres Road,Devonshire,kept,,,,32.30428,-64.746756,32.30428,-64.746756,
11,PDP-0059-19,31 Tuckers Town Road,St. George,RELOCATED,near-number,#32 tuckers town road,>0.3km from tuckers town road,32.333312,-64.688369,32.3337718,-64.6837334,0.44
12,PDP-0163-19,2 Fort George Drive,Town of St. George,kept,,,,32.3796724,-64.6823431,32.3796724,-64.6823431,
13,PDP-0188-20,4 Sound View Road,Sandys,kept,,,,32.2981931,-64.862352,32.2981931,-64.862352,
14,BC-0102-19,19 Richmond Road,Pembroke,kept,,,,32.2956001,-64.7900269,32.2956001,-64.7900269,
15,PDP-0194-20,2 Pokiok Close,Smiths,kept,,,,32.3089606,-64.7343679,32.3089606,-64.7343679,
16,PDP-0197-20,2 Sound View Road,Sandys,kept,,,,32.2983597,-64.8623751,32.2983597,-64.8623751,
17,PDP-0212-20,1 Overock Hill,Pembroke,kept,,,,32.2934927,-64.8035325,32.2934927,-64.8035325,
18,PDP-0221-20,50 Ord Road,Paget,kept,,,,32.277945,-64.781967,32.277945,-64.781967,
19,PDP-0218-20,6 Frolic Lane,Southampton,kept,,,,32.2584617,-64.8211233,32.2584617,-64.8211233,
20,PDP-0232-20,162 Middle Road,Devonshire,kept,,,,32.3118689,-64.7485771,32.3118689,-64.7485771,
21,PDP-0199-20,22 Industrial Park Road,Southampton,kept,,,,32.2524794,-64.8650018,32.2524794,-64.8650018,
22,PDP-0258-20,9 Cavendish Road,Pembroke,kept,,,,32.2941,-64.7761183,32.2941,-64.7761183,
23,PDP-0256-20,40 Tanglewood Road,Paget,kept,,,,32.278633,-64.78815,32.278633,-64.78815,
24,PDP-0261-20,7 Flowercote Lane,Smiths,kept,,,,32.318055,-64.726019,32.318055,-64.726019,
25,PDP-0255-20,6 Flowercote Lane,Smiths,kept,,,,32.318542,-64.726049,32.318542,-64.726049,
26,PDP-0061-19,3 Clingstone Lane,Hamilton,kept,,,,32.3397028,-64.7090333,32.3397028,-64.7090333,
27,BR-0182-20,9 Abri Lane,Pembroke,kept,,,,32.3029102,-64.8075487,32.3029102,-64.8075487,
28,PDP-0272-20,8 Lemarc Estate,Warwick,kept,,,,32.2611639,-64.8135823,32.2611639,-64.8135823,
29,PDP-0273-20,3 Perots Island,Southampton,kept,,,,32.260736,-64.830029,32.260736,-64.830029,
30,PDP-0274-20,47 Harrington Sound Road,Smiths,RELOCATED,near-number,#46 harrington sound road,>0.3km from harrington sound road,32.3224614,-64.7214824,32.3222624,-64.7248685,0.32
31,BR-0208-20,6 Southcote Road,Paget,kept,,,,32.2776505,-64.781677,32.2776505,-64.781677,
32,PDP-0267-20,97 Middle Road,Southampton,RELOCATED,near-number,#98 middle road,>0.3km from middle road,32.2535982,-64.8536045,32.2543371,-64.8435591,0.95
33,PDP-0265-20,4 Tranquillity Lane,St. George,kept,,,,32.3696418,-64.6673787,32.3696418,-64.6673787,
34,PDP-0289-20,25 Camden North Road,Paget,kept,,,,32.295916,-64.761832,32.295916,-64.761832,
35,BR-0198-20,14 Belmont Road,Warwick,kept,,,,32.274053,-64.8034768,32.274053,-64.8034768,
36,BR-0218-20,4 Bellevue Drive,Paget,kept,,,,32.286077,-64.770124,32.286077,-64.770124,
37,PDP-0148-19,9 East Point Lane,Hamilton,kept,,,,32.3255161,-64.7412199,32.3255161,-64.7412199,
38,BR-0207-20,9 Spice Hill Road,Warwick,RELOCATED,street-anchored,#85 spice hill road,>1.2km from spice hill road,32.2604984,-64.8180176,32.2631567,-64.805297,1.23
39,PDP-0309-20,41 South Road,Southampton,kept,,,,32.250338,-64.848699,32.250338,-64.848699,
40,PDP-0303-20,48 South Road,Southampton,kept,,,,32.249024,-64.841185,32.249024,-64.841185,
41,BR-0260-20,10 Harbour Road,Warwick,RELOCATED,street-anchored,#89 harbour road,>1.2km from harbour road,32.269838,-64.816052,32.2808345,-64.7962048,2.23
42,BR-0233-20,10 Upland Lane,Warwick,kept,,,,32.269325,-64.790744,32.269325,-64.790744,
43,PDP-0349-20,25 Pitts Bay Road,Pembroke,kept,,,,32.2965483,-64.7962481,32.2965483,-64.7962481,
44,PDP-0311-20,2 Tanglewood Road,Paget,kept,,,,32.277494,-64.789474,32.277494,-64.789474,
45,PDP-0362-20,6 Inglewood Lane,Paget,kept,,,,32.286448,-64.767161,32.286448,-64.767161,
46,BR-0283-20,10 North Court Avenue,Pembroke,kept,,,,32.3044057,-64.7991857,32.3044057,-64.7991857,
47,BR-0244-20,18 Cambridge Road,Sandys,kept,,,,32.3059986,-64.8689317,32.3059986,-64.8689317,
48,PDP-0365-20,11 Rosemont Avenue,Pembroke,kept,,,,32.2959526,-64.7928811,32.2959526,-64.7928811,
49,PDP-0381-20,41 Tuckers Town Road,St. George,kept,,,,32.3336302,-64.6860786,32.3336302,-64.6860786,
50,PDP-0389-20,7 Stokes Point Road,St. George,kept,,,,32.3733523,-64.6912591,32.3733523,-64.6912591,
51,BC-0162-20,46 Front Street,City of Hamilton,kept,,,,32.2922369,-64.7852386,32.2922369,-64.7852386,
52,PDP-0395-20,12 Fort George Hill,Town of St. George,kept,,,,32.3798619,-64.6830048,32.3798619,-64.6830048,
53,PDP-0397-20,36 Hinson Island,Paget,kept,,,,32.282623,-64.800339,32.282623,-64.800339,
54,PDP-0409-20,9 Cavello Heights,Sandys,kept,,,,32.2970438,-64.8635236,32.2970438,-64.8635236,
55,PDP-0405-20,41 Hinson Island,Paget,kept,,,,32.282095,-64.801389,32.282095,-64.801389,
56,PDP-0424-20,90 White Sands Road,Paget,kept,,,,32.2788802,-64.7703172,32.2788802,-64.7703172,
57,PDP-0421-20,36 Middle Road,Paget,kept,,,,32.280149,-64.783894,32.280149,-64.783894,
58,PDP-0431-20,2 Coral Hill Lane,Warwick,kept,,,,32.271906,-64.789187,32.271906,-64.789187,
59,PDP-0430-20,57 St. David's Road,St. George,kept,,,,32.3657366,-64.6634534,32.3657366,-64.6634534,
60,PDP-0446-20,15 Turk's Head Lane,Devonshire,kept,,,,32.2978371,-64.75516,32.2978371,-64.75516,
61,PDP-0443-20,1 Salt Spray Lane,St. George,kept,,,,32.3815884,-64.6669631,32.3815884,-64.6669631,
62,PDP-0427-20,6 Glebe Hill,Hamilton,kept,,,,32.3328226,-64.7026464,32.3328226,-64.7026464,
63,PDP-0453-20,10 Agar's Hill,Pembroke,kept,,,,32.2941588,-64.8053915,32.2941588,-64.8053915,
64,BR-0322-20,3 Woodbourne Crescent,Pembroke,kept,,,,32.2936196,-64.790057,32.2936196,-64.790057,
65,PDP-0452-20,18 Church Road,Southampton,kept,,,,32.2510247,-64.8460776,32.2510247,-64.8460776,
66,PDP-0264-20,6 Riviera Road,Southampton,kept,,,,32.2576203,-64.8273125,32.2576203,-64.8273125,
67,PDP-0502-20,15 Berry Hill Road,Paget,kept,,,,32.2939551,-64.7682289,32.2939551,-64.7682289,
68,PDP-0507-20,1 Speakers Drive,St. George,kept,,,,32.378457,-64.685103,32.378457,-64.685103,
69,PDP-0477-20,40 Tribe Road No 2 Unit: A,Warwick,kept,,,,32.2719551,-64.7948178,32.2719551,-64.7948178,
70,BR-0359-20,6 Old Slip Lane,Pembroke,kept,,,,32.2911702,-64.795966,32.2911702,-64.795966,
71,BC-0067-19,1 The Lane,Paget,kept,,,,32.2899416,-64.772349,32.2899416,-64.772349,
72,BC-0217-20,18 Point Finger Road,Paget,kept,,,,32.2922687,-64.7678844,32.2922687,-64.7678844,
73,BC-0179-20,26 Bermudiana Road,City of Hamilton,kept,,,,32.2925451,-64.7875355,32.2925451,-64.7875355,
74,PDP-0558-20,53 South Road,Warwick,RELOCATED,street-anchored,#34 south road,wrong parish,32.249392,-64.844169,32.2614822,-64.8029824,4.1
75,PDP-0511-20,6 Upland Close,Devonshire,kept,,,,32.3060828,-64.7520697,32.3060828,-64.7520697,
76,PDP-0517-20,9 Point Shares Road,Pembroke,kept,,,,32.2941285,-64.7997008,32.2941285,-64.7997008,
77,PDP-0594-20,32 Harrington Hundreds Road,Smiths,kept,,,,32.3158961,-64.7248843,32.3158961,-64.7248843,
78,PDP-0516-20,8 Woodstock Hill,Paget,kept,,,,32.286299,-64.764576,32.286299,-64.764576,
79,B0008-21,30 Tanglewood Road,Paget,kept,,,,32.27758,-64.787245,32.27758,-64.787245,
80,PDP-0615-20,5 Highwood Lane,Paget,kept,,,,32.2878187,-64.7792227,32.2878187,-64.7792227,
81,BC-0250-20,27 King Street,City of Hamilton,kept,,,,32.2962748,-64.7784935,32.2962748,-64.7784935,
82,PDP-0601-20,88 White Sands Road,Paget,kept,,,,32.2786638,-64.7705188,32.2786638,-64.7705188,
83,PDP-0613-20,4 Marley Beach Lane,Warwick,kept,,,,32.264246,-64.797304,32.264246,-64.797304,
84,BR-0420-20,8 West Side Road,Sandys,kept,,,,32.3006358,-64.8772515,32.3006358,-64.8772515,
85,PDP-0614-20,5 Marley Beach Drive,Warwick,kept,,,,32.264147,-64.797643,32.264147,-64.797643,
86,B0017-21,63 Texas Road,St. George,kept,,,,32.366174,-64.655897,32.366174,-64.655897,
87,B0019-21,80 Middle Road,Smiths,kept,,,,32.3200049,-64.7348835,32.3200049,-64.7348835,
88,B0018-21,9 Flowercote Lane,Smiths,kept,,,,32.317914,-64.726296,32.317914,-64.726296,
89,B0011-21,10 Brown Estates Road,Hamilton,RELOCATED,street,brown estates road (12 pts in parish),wrong parish,32.2942679,-64.7853167,32.33713,-64.7316489,6.95
90,B0020-21,5 Piper's Peak,Warwick,kept,,,,32.2625823,-64.8081918,32.2625823,-64.8081918,
91,B0015-21,27 Devon Point Lane,Devonshire,kept,,,,32.3004091,-64.7432977,32.3004091,-64.7432977,
92,B0010-21,38 Middle Road,Paget,kept,,,,32.2803718,-64.7836317,32.2803718,-64.7836317,
93,BR0013-21,22 Fairvale Lane,Warwick,kept,,,,32.273048,-64.794697,32.273048,-64.794697,
94,BR0015-21,17 Sound View Road,Sandys,kept,,,,32.2953411,-64.8629142,32.2953411,-64.8629142,
95,B0097-21,1 Eustace Close,Southampton,kept,,,,32.2596779,-64.8661032,32.2596779,-64.8661032,
96,BR-0412-20,24 Skyline Road,Smiths,kept,,,,32.3195565,-64.7205489,32.3195565,-64.7205489,
97,BC0035-21,40 North Shore Road,Hamilton,kept,,,,32.3235107,-64.7369515,32.3235107,-64.7369515,
98,B0176-21,2 Sanz Close,Pembroke,kept,,,,32.2941,-64.7963,32.2941,-64.7963,
99,B0139-21,22 Tee Street,Devonshire,kept,,,,32.296095,-64.75857,32.296095,-64.75857,
100,BR0068-21,21 Harbour Road,Warwick,RELOCATED,street-anchored,#89 harbour road,>1.2km from harbour road,32.270992,-64.813991,32.2808345,-64.7962048,2
101,B0150-21,26 Middle Road Unit: A,Paget,kept,,,,32.280183,-64.784913,32.280183,-64.784913,
102,B0156-21,6 Ocean Lane,Pembroke,kept,,,,32.304537,-64.786334,32.304537,-64.786334,
103,B0107-21,22 Happy Valley Road,Pembroke,kept,,,,32.296584,-64.774937,32.296584,-64.774937,
104,B0105-21,25 Scott's Hill Road,Sandys,kept,,,,32.297394,-64.866133,32.297394,-64.866133,
105,B0104-21,18 Sleepy Hollow Drive,Hamilton,kept,,,,32.341042,-64.730017,32.341042,-64.730017,
106,B0106-21,29 Hermitage Road,Devonshire,kept,,,,32.309202,-64.745456,32.309202,-64.745456,
107,B0103-21,4 Rebecca Road Unit: A,Southampton,kept,,,,32.25866,-64.827887,32.25866,-64.827887,
108,B0102-21,10 Manor Hill,Warwick,kept,,,,32.277717,-64.794515,32.277717,-64.794515,
109,B0169-21,18 Jones Lane,Warwick,kept,,,,32.278937,-64.795471,32.278937,-64.795471,
110,B0184-21,1 Tamarisk Hill,Smiths,kept,,,,32.318357,-64.745544,32.318357,-64.745544,
111,B0181-21,41 Mission Crescent,Paget,kept,,,,32.278053,-64.771588,32.278053,-64.771588,
112,B0112-21,5 Cedarberry Drive,Hamilton,kept,,,,32.340728,-64.709274,32.340728,-64.709274,
113,B0171-21,15 Skroggins Hill,Southampton,kept,,,,32.261611,-64.866607,32.261611,-64.866607,
114,BC0046-21,117 Middle Road,Warwick,kept,,,,32.275921,-64.794246,32.275921,-64.794246,
115,B0175-21,5 Elm Lane,Sandys,kept,,,,32.272517,-64.874107,32.272517,-64.874107,
116,BC0013-21,12 Bakery Lane,Pembroke,RELOCATED,near-number,#10 bakery lane,>0.3km from bakery lane,32.30356201,-64.7938792025,32.2992856,-64.7958167,0.51
117,BR0104-21,16 Burgess Point Road,Warwick,kept,,,,32.267279,-64.827915,32.267279,-64.827915,
118,BR0094-21,8 Holly Lane,Smiths,kept,,,,32.319887,-64.739033,32.319887,-64.739033,
119,B0255-21,14 Windy Bank,Smiths,kept,,,,32.314782,-64.743554,32.314782,-64.743554,
120,B0256-21,2 Astwood Road,Paget,kept,,,,32.291189,-64.766623,32.291189,-64.766623,
121,B0318-21,51 St. David's Road Unit: A,St. George,kept,,,,32.365483,-64.664436,32.365483,-64.664436,
122,B0283-21,4 Salt Kettle Road,Paget,kept,,,,32.282192,-64.790646,32.282192,-64.790646,
123,BR0183-21,13 Inglewood Lane,Paget,kept,,,,32.284923,-64.765395,32.284923,-64.765395,
124,BC0074-21,25 Pomander Road,Paget,kept,,,,32.291161,-64.77411,32.291161,-64.77411,
125,BR0184-21,19 Stowe Hill,Paget,kept,,,,32.289049,-64.773041,32.289049,-64.773041,
126,BR0182-21,54 St. Anne's Road,Southampton,RELOCATED,near-number,#64 street annes road,>0.3km from street annes road,32.252556,-64.838157,32.2528267,-64.8345101,0.34
127,BR0235-21,22 Crossfield Drive,Sandys,kept,,,,32.301287,-64.875793,32.301287,-64.875793,
128,BR0202-21,16 Fairways Road,Warwick,kept,,,,32.262642,-64.830564,32.262642,-64.830564,
129,BC0140-21,10 WindReach Lane,Warwick,kept,,,,32.262617,-64.810158,32.262617,-64.810158,
130,BR0222-21,26 Castile Road,Warwick,kept,,,,32.265839,-64.829075,32.265839,-64.829075,
131,BC0138-21,56 Church Street,City of Hamilton,kept,,,,32.2939975,-64.7824583,32.2939975,-64.7824583,
132,BR0287-21,3 Wingood Way,Sandys,kept,,,,32.280111,-64.873297,32.280111,-64.873297,
133,BC0154-21,6 College Rise,Paget,kept,,,,32.278732,-64.776298,32.278732,-64.776298,
134,BR0275-21,9 Lagoon Drive,Paget,kept,,,,32.291273,-64.760036,32.291273,-64.760036,
135,B0591-21,6 Flat Rock Close,Pembroke,kept,,,,32.307083,-64.811466,32.307083,-64.811466,
136,BR0264-21,12 Pitts Bay Road,Pembroke,kept,,,,32.298089,-64.797264,32.298089,-64.797264,
137,BC0188-21,19 Dundonald Street West,City of Hamilton,kept,,,,32.296082,-64.785134,32.296082,-64.785134,
138,BR0330-21,38 South Road,Devonshire,kept,,,,32.299717,-64.747314,32.299717,-64.747314,
139,BR0009-22,23 Middle Road,Paget,kept,,,,32.280364,-64.789032,32.280364,-64.789032,
140,BR0003-22,3 Windy Ridge Road,Warwick,kept,,,,32.278724,-64.797621,32.278724,-64.797621,
141,BR0038-22,11 Vaughan's Bay Drive,St. George,kept,,,,32.3695125,-64.6557974,32.3695125,-64.6557974,
142,BR0026-22,3 Seabright Avenue,Paget,kept,,,,32.291840433333334,-64.7637586333333,32.291840433333334,-64.7637586333333,
143,BR0035-22,10 Brown Estates Road,Hamilton,kept,,,,32.336619,-64.731023,32.336619,-64.731023,
144,BR0041-22,1 Scarrington Hill,Paget,RELOCATED,street,scarrington hill (22 pts in parish),wrong parish,32.292061,-64.78513,32.2799048,-64.7861847,1.36
145,BR0039-22,43 Harbour Road,Paget,kept,,,,32.284171,-64.78565,32.284171,-64.78565,
146,BR0353-21,1 Newport Gardens,Southampton,kept,,,,32.252626811111114,-64.845693,32.252626811111114,-64.845693,
147,B0052-22,4 Barnes Valley,Paget,kept,,,,32.281647,-64.778566,32.281647,-64.778566,
148,BR0060-22,12 Pitts Bay Road,Pembroke,kept,,,,32.298089,-64.797264,32.298089,-64.797264,
149,BR0013-22,36 Horseshoe Road,Southampton,kept,,,,32.258547,-64.819854,32.258547,-64.819854,
150,B0499-21,7 Granaway Heights Road,Southampton,kept,,,,32.252166,-64.861302,32.252166,-64.861302,
151,B0500-21,1 Glenwood Park Lane,Warwick,kept,,,,32.267712,-64.796189,32.267712,-64.796189,
152,B0173-22,31 Melville Road,Devonshire,kept,,,,32.303719,-64.754045,32.303719,-64.754045,
153,BC0155-21,56 St. John's Road,Pembroke,kept,,,,32.300855,-64.794857,32.300855,-64.794857,
154,BR0088-22,12 Leacraft Hill Road,Southampton,kept,,,,32.260429,-64.871768,32.260429,-64.871768,
155,B0215-22,6 Aunt Jinny's Lane,St. George,kept,,,,32.368196,-64.673791,32.368196,-64.673791,
156,B0210-22,2 Turtle Place,Southampton,kept,,,,32.254371,-64.822919,32.254371,-64.822919,
157,B0213-22,9 Middle Road,Warwick,kept,,,,32.263627,-64.818196,32.263627,-64.818196,
158,B0211-22,22 Harrington Sound Road,Hamilton,RELOCATED,near-number,#19 harrington sound road,>0.3km from harrington sound road,32.333198,-64.707918,32.3315121,-64.7112575,0.37
159,BR0068-22,10 Cedarberry Drive,Hamilton,kept,,,,32.34007,-64.709838,32.34007,-64.709838,
160,B0621-21,7 Rushy Lane,Sandys,kept,,,,32.298058,-64.874695,32.298058,-64.874695,
161,BC0020-22,27 Serpentine Road,Pembroke,kept,,,,32.297937,-64.792059,32.297937,-64.792059,
162,B0224-22,13 Belmont Road,Warwick,kept,,,,32.274768,-64.801626,32.274768,-64.801626,
163,B0234-22,2 Ord Valley Lane Unit: A,Warwick,kept,,,,32.270334,-64.794207,32.270334,-64.794207,
164,BR0083-22,2 Trunk Island,Hamilton,kept,,,,32.333328,-64.727405,32.333328,-64.727405,
165,BR0108-22,116 Harbour Road,Paget,kept,,,,32.289109,-64.778142,32.289109,-64.778142,
166,B0243-22,34 Harbour Road Unit: A,Paget,kept,,,,32.282209,-64.789155,32.282209,-64.789155,
167,B0212-22,23 Point Shares Road,Pembroke,kept,,,,32.2920063,-64.8039222,32.2920063,-64.8039222,
168,B0199-22,3 Mill Shares Road,Pembroke,kept,,,,32.296575,-64.801409,32.296575,-64.801409,
169,B0264-22,6 Hinson Island,Paget,kept,,,,32.281492,-64.80354,32.281492,-64.80354,
170,B0253-22,5 Fairyland Road,Pembroke,kept,,,,32.296397,-64.799038,32.296397,-64.799038,
171,B0251-22,19 Railway Trail,Paget,kept,,,,32.282435,-64.77464,32.282435,-64.77464,
172,B0265-22,3 Bluck Point Road,Pembroke,kept,,,,32.301988,-64.810955,32.301988,-64.810955,
173,B0256-22,13 Melville Crescent,Devonshire,kept,,,,32.300598,-64.751133,32.300598,-64.751133,
174,B0275-22,1 St. Patrick's Close,Smiths,RELOCATED,street,street patricks close (4 pts in parish),wrong parish,32.250949,-64.843562,32.3071978,-64.7402722,11.57
175,B0232-22,32 Dundonald Street,City of Hamilton,kept,,,,32.29584,-64.781915,32.29584,-64.781915,
176,B0214-22,4 Peters Road,Hamilton,kept,,,,32.334625,-64.734321,32.334625,-64.734321,
177,B0239-22,19 Melville Crescent,Devonshire,kept,,,,32.300322,-64.75007,32.300322,-64.75007,
178,B0273-22,12 Scarrington Hill,Paget,kept,,,,32.27894,-64.78625,32.27894,-64.78625,
179,B0283-22,12 The Lane,Paget,kept,,,,32.290739,-64.771277,32.290739,-64.771277,
180,B0278-22,77 Sleepy Hollow Drive,Hamilton,kept,,,,32.340336,-64.728756,32.340336,-64.728756,
181,BC0041-22,38 Frog Lane,Devonshire,kept,,,,32.300171,-64.769805,32.300171,-64.769805,
182,BC0119-21,36 Pompano Beach Road,Southampton,RELOCATED,exact,addr point 36 pompano beach road,>0.1km from pompano beach road,32.26146178,-64.87336758,32.262134,-64.8787311,0.51
183,B0277-22,18 Cottage Hill Road West,Hamilton,kept,,,,32.341404,-64.729135,32.341404,-64.729135,
184,B0279-22,16 Harbour Road,Paget,RELOCATED,near-number,#27 harbour road,>0.3km from harbour road,32.280533,-64.792226,32.28383,-64.7866553,0.64
185,B0286-22,4 Westering Lane,Warwick,kept,,,,32.27397,-64.79437,32.27397,-64.79437,
186,B0280-22,61 Spice Hill Road,Warwick,kept,,,,32.261623,-64.809328,32.261623,-64.809328,
187,B0291-22,31 Tamarind Vale,Warwick,kept,,,,32.26958,-64.813951,32.26958,-64.813951,
188,B0202-22,13 Harrington Sound Road,Hamilton,kept,,,,32.330494,-64.711837,32.330494,-64.711837,
189,B0310-22,3 Bluebird Lane,Sandys,kept,,,,32.279869,-64.874234,32.279869,-64.874234,
190,B0309-22,4 Bluebird Lane,Sandys,kept,,,,32.279246,-64.874482,32.279246,-64.874482,
191,B0314-22,3 Skyline Road,Smiths,kept,,,,32.317997,-64.720393,32.317997,-64.720393,
192,B0308-22,24 Glenwood Park Crescent,Warwick,kept,,,,32.268609,-64.795506,32.268609,-64.795506,
193,B0252-22,7 Speakers Drive,Devonshire,REVIEW,parish-anchor,centre of Devonshire road network,street not found in OSM — NEEDS REVIEW,,,32.3039374,-64.7591087,
194,BC0042-22,65 Pitts Bay Road,Pembroke,kept,,,,32.2923572,-64.791171,32.2923572,-64.791171,
195,B0332-22,18 Scaur Hill Drive,Sandys,kept,,,,32.282344,-64.875523,32.282344,-64.875523,
196,B0325-22,9 Kilderry Drive,Smiths,kept,,,,32.312129,-64.745703,32.312129,-64.745703,
197,B0351-22,10 Hastings Road,Pembroke,kept,,,,32.2925679,-64.8016998,32.2925679,-64.8016998,
198,BC0069-22,9 Elliott Street,City of Hamilton,kept,,,,32.29732,-64.78297,32.29732,-64.78297,
199,B0329-22,2 Frascati Lane,Smiths,kept,,,,32.320955,-64.739526,32.320955,-64.739526,
200,B0350-22,39 South Road,Southampton,kept,,,,32.249934,-64.849128,32.249934,-64.849128,
201,B0347-22,50 Morgan Road,Warwick,kept,,,,32.276955,-64.795857,32.276955,-64.795857,
202,B0349-22,80 Middle Road,Devonshire,RELOCATED,street-anchored,#94 middle road,wrong parish,32.320005,-64.734883,32.3036953,-64.7558272,2.68
203,B0346-22,12 Commonland Point Road,Hamilton,kept,,,,32.330607,-64.73755,32.330607,-64.73755,
204,B0345-22,13 Sayle Road,Smiths,kept,,,,32.309584,-64.739209,32.309584,-64.739209,
205,B0342-22,15 Beulah Lane,Sandys,kept,,,,32.299217,-64.867237,32.299217,-64.867237,
206,BC0084-22,7 North Shore Road,Devonshire,RELOCATED,exact,addr point 7 north shore road,>0.1km from north shore road,32.30699757586207,-64.7738048172413,32.3074017,-64.7748124,0.1
207,B0359-22,5 Crestwood Drive,Pembroke,kept,,,,32.303564,-64.815352,32.303564,-64.815352,
208,B0227-22,122 North Shore Road,Hamilton,kept,,,,32.340229,-64.736786,32.340229,-64.736786,
209,B0365-22,20 Jennings Road,Smiths,RELOCATED,near-number,#19 jennings road,>0.3km from jennings road,32.320607,-64.741398,32.3183028,-64.7387109,0.36
210,B0373-22,2 Fairmont Drive,Southampton,kept,,,,32.252663,-64.824422,32.252663,-64.824422,
211,B0367-22,124 Middle Road,Southampton,RELOCATED,near-number,#118 middle road,>0.3km from middle road,32.255716,-64.83705,32.2548832,-64.8406697,0.35
212,B0371-22,18 Gilbert Hill,Smiths,kept,,,,32.310405,-64.739284,32.310405,-64.739284,
213,B0372-22,37 South Road,Southampton,kept,,,,32.250189,-64.849057,32.250189,-64.849057,
214,B0363-22,15 Kilderry Lane,Smiths,kept,,,,32.312085,-64.746432,32.312085,-64.746432,
215,B0313-22,117 Middle Road,Southampton,RELOCATED,near-number,#118 middle road,>0.3km from middle road,32.253657,-64.847854,32.2548832,-64.8406697,0.69
216,B0392-22,11 Bayfield Road,Warwick,kept,,,,32.264681,-64.818537,32.264681,-64.818537,
217,B0370-22,25 Gibbs Hill Road,Southampton,kept,,,,32.25372,-64.837044,32.25372,-64.837044,
218,B0403-22,54 Knapton Estates Road,Smiths,kept,,,,32.319661,-64.716842,32.319661,-64.716842,
219,B0398-22,8 Westwood Lane,Paget,kept,,,,32.287388,-64.780262,32.287388,-64.780262,
220,B0405-22,8 Appleby Lane,Paget,kept,,,,32.289,-64.771278,32.289,-64.771278,
221,B0395-22,11 Benevides Lane,Southampton,kept,,,,32.256261,-64.862166,32.256261,-64.862166,
222,B0410-22,12 Rose Hill Road,Southampton,kept,,,,32.261708,-64.870568,32.261708,-64.870568,
223,B0195-22,19 South Road,Southampton,kept,,,,32.250391,-64.85057,32.250391,-64.85057,
224,B0382-22,20 Woodbourne Avenue,Pembroke,kept,,,,32.2927587,-64.7895377,32.2927587,-64.7895377,
225,B0423-22,8 South Avenue,Southampton,kept,,,,32.255599,-64.822864,32.255599,-64.822864,
226,B0411-22,4 Sears Hill Road,Smiths,kept,,,,32.313466,-64.733358,32.313466,-64.733358,
227,B0426-22,17 Store Hill,Smiths,kept,,,,32.3175347,-64.7463399666666,32.3175347,-64.7463399666666,
228,B0413-22,79 Middle Road,Warwick,kept,,,,32.270226,-64.804049,32.270226,-64.804049,
229,B0343-22,19 Stardust Drive,Hamilton,kept,,,,32.337594,-64.729783,32.337594,-64.729783,
230,B0434-22,1 Two Way Mews,Pembroke,kept,,,,32.298826,-64.778847,32.298826,-64.778847,
231,BR0184-22,10 Harrington Sound Road,Smiths,RELOCATED,near-number,#4 harrington sound road,>0.3km from harrington sound road,32.321583,-64.732999,32.32193,-64.7253145,0.72
232,B0440-22,99 Harrington Sound Road,Smiths,kept,,,,32.325188,-64.715632,32.325188,-64.715632,
233,B0412-22,12 Belmont Road,Warwick,kept,,,,32.274263,-64.803115,32.274263,-64.803115,
234,B0394-22,8 Lone Palm Drive,Pembroke,kept,,,,32.295165,-64.80576,32.295165,-64.80576,
235,B0428-22,9 Port Royal Gardens,Southampton,kept,,,,32.253296,-64.844369,32.253296,-64.844369,
236,B0421-22,15 Mizzentop,Warwick,kept,,,,32.273301,-64.807095,32.273301,-64.807095,
237,B0414-22,5 Jennings Road,Smiths,kept,,,,32.322108,-64.740832,32.322108,-64.740832,
238,B0435-22,5 Sunset Pass,Pembroke,kept,,,,32.304898,-64.801096,32.304898,-64.801096,
239,B0445-22,35 Tuckers Town Road,St. George,kept,,,,32.333606,-64.6874645,32.333606,-64.6874645,
240,B0437-22,2 Millhouse Bay Lane,Hamilton,kept,,,,32.34144,-64.708892,32.34144,-64.708892,
241,B0225-22,15 Point Pleasant Road,City of Hamilton,kept,,,,32.2912,-64.787432,32.2912,-64.787432,
242,B0436-22,33 Knapton Hill,Smiths,kept,,,,32.317326,-64.720308,32.317326,-64.720308,
243,BR0190-22,44 West Side Road,Sandys,kept,,,,32.296346,-64.87516,32.296346,-64.87516,
244,B0447-22,49 Paynters Hill,Hamilton,kept,,,,32.3375,-64.70222,32.3375,-64.70222,
245,B0446-22,24 Narrows Lane,St. George,kept,,,,32.369447,-64.664483,32.369447,-64.664483,
246,B0462-22,28 Southcourt Avenue,Paget,kept,,,,32.287374,-64.764142,32.287374,-64.764142,
247,B0466-22,10 Rockywold Road,Sandys,kept,,,,32.268524,-64.879506,32.268524,-64.879506,
248,B0459-22,15 Gilbert Hill,Smiths,kept,,,,32.310215,-64.73868,32.310215,-64.73868,
249,B0500-22,27 Cherry Hill Park,Paget,kept,,,,32.277398,-64.78452,32.277398,-64.78452,
250,B0494-22,38 Clarendon Road,Bermuda,kept,,,,32.320337,-64.738059,32.320337,-64.738059,
251,B0481-22,6 Bay View Drive,Southampton,kept,,,,32.253871,-64.849624,32.253871,-64.849624,
252,B0496-22,8 Inghams Drive,Pembroke,kept,,,,32.304897,-64.800542,32.304897,-64.800542,
253,B0485-22,8 Scarrington Hill,Paget,kept,,,,32.279714,-64.786672,32.279714,-64.786672,
254,BR0213-22,7 Mill Shares Road,Pembroke,kept,,,,32.296819,-64.80178,32.296819,-64.80178,
255,BREV0403-22,8 Holly Lane,Smiths,kept,,,,32.319887,-64.739033,32.319887,-64.739033,
256,BC0052-22,37 Richmond Road,Devonshire,REVIEW,parish-anchor,centre of Devonshire road network,street not found in OSM — NEEDS REVIEW,32.2942516,-64.7880402,32.3039374,-64.7591087,2.93
257,BR0229-22,10 Bluebird Lane,Sandys,kept,,,,32.279783,-64.873973,32.279783,-64.873973,
258,B0514-22,4 St. Anne's Close,Southampton,kept,,,,32.249996,-64.843622,32.249996,-64.843622,
259,B0519-22,2 Second Avenue,Pembroke,kept,,,,32.295074,-64.775279,32.295074,-64.775279,
260,B0524-22,6 Watch Hill Lane,Warwick,kept,,,,32.265783,-64.814065,32.265783,-64.814065,
261,BR0238-22,7 Fairways Road,Warwick,kept,,,,32.264251,-64.826365,32.264251,-64.826365,
262,B0490-22,23 Rebecca Road,Southampton,kept,,,,32.258812,-64.831001,32.258812,-64.831001,
263,BREV0426-22,31 Tamarind Vale,Warwick,kept,,,,32.26958,-64.813951,32.26958,-64.813951,
264,B0492-22,82 South Road Unit: A,Warwick,kept,,,,32.2689,-64.788678,32.2689,-64.788678,
265,B0513-22,1 Two Way Mews,Pembroke,kept,,,,32.298826,-64.778847,32.298826,-64.778847,
266,B0512-22,2 Old Slip Lane,Pembroke,kept,,,,32.292373,-64.795747,32.292373,-64.795747,
267,B0486-22,28 Knapton Hill,Smiths,kept,,,,32.31643,-64.720511,32.31643,-64.720511,
268,B0534-22,12 Somers Hill Road,Hamilton,kept,,,,32.328064,-64.739177,32.328064,-64.739177,
269,B0489-22,12 Southcote Road,Paget,kept,,,,32.277112,-64.781423,32.277112,-64.781423,
270,B0531-22,15 Beaming Hill,Southampton,kept,,,,32.250896,-64.83238,32.250896,-64.83238,
271,B0027-22,37 Somerset Road,Sandys,kept,,,,32.299632,-64.870749,32.299632,-64.870749,
272,B0506-22,16 Tamarind Vale,Warwick,kept,,,,32.269127,-64.812874,32.269127,-64.812874,
273,B0545-22,5 Oceanside Road,Southampton,kept,,,,32.251013,-64.865177,32.251013,-64.865177,
274,B0026-22,66 Middle Road,Warwick,kept,,,,32.266766,-64.8088,32.266766,-64.8088,
275,B0567-22,1 Undina Watch,Southampton,kept,,,,32.25180835555556,-64.8333210666666,32.25180835555556,-64.8333210666666,
276,B0549-22,9 Middle Road,Warwick,kept,,,,32.263627,-64.818196,32.263627,-64.818196,
277,B0488-22,25 Peace Haven Drive,Sandys,kept,,,,32.275104,-64.873684,32.275104,-64.873684,
278,B0396-22,62 Ord Road,Paget,kept,,,,32.279288,-64.781306,32.279288,-64.781306,
279,B0491-22,16 Riddell's Bay Road,Warwick,kept,,,,32.264353,-64.819995,32.264353,-64.819995,
280,BC0129-22,65 The Glebe Road,Pembroke,kept,,,,32.305787,-64.776371,32.305787,-64.776371,
281,B0557-22,6 Idle Acres Road,Smiths,kept,,,,32.314736,-64.72709,32.314736,-64.72709,
282,B0482-22,14 Riddell's Bay Road,Warwick,kept,,,,32.263703,-64.820292,32.263703,-64.820292,
283,B0366-22,19 Harrington Hundreds Road,Smiths,kept,,,,32.318016,-64.724186,32.318016,-64.724186,
284,B0364-22,15 Rocky Ridge Road,Smiths,kept,,,,32.326712,-64.715055,32.326712,-64.715055,
285,B0581-22,44 West Side Road,Sandys,kept,,,,32.296346,-64.87516,32.296346,-64.87516,
286,BR0237-22,1 Governors Alley,Town of St. George,kept,,,,32.382913,-64.6770893,32.382913,-64.6770893,
287,BC0108-22,26 Palmetto Road,Devonshire,kept,,,,32.308132,-64.763581,32.308132,-64.763581,
288,BC0118-22,34 College Road,Paget,kept,,,,32.277493,-64.774458,32.277493,-64.774458,
289,B0016-23,8 Lolly's Lane,Smiths,kept,,,,32.320695,-64.728839,32.320695,-64.728839,
290,BC0002-23,2 Ferry Road,St. George,kept,,,,32.374781,-64.696942,32.374781,-64.696942,
291,B0013-23,16 Fairways Road,Warwick,kept,,,,32.262642,-64.830564,32.262642,-64.830564,
292,BREV0002-23,62 Ord Road,Paget,kept,,,,32.279288,-64.781306,32.279288,-64.781306,
293,B0006-23,6 Point Shares Road,Pembroke,kept,,,,32.2953502,-64.8027044,32.2953502,-64.8027044,
294,B0033-23,54 Mill Shares Road,Pembroke,kept,,,,32.29799,-64.806348,32.29799,-64.806348,
295,B0004-23,2 South Road,Bermuda,kept,,,,32.331277,-64.6996152,32.331277,-64.6996152,
296,B0002-23,4 Hilton Drive,Paget,kept,,,,32.276478,-64.782386,32.276478,-64.782386,
297,B0011-23,80 North Shore Road Unit: A,Pembroke,kept,,,,32.304914,-64.789226,32.304914,-64.789226,
298,B0014-23,20 Burgess Point Road,Warwick,kept,,,,32.267103,-64.828649,32.267103,-64.828649,
299,B0059-23,13 Lolly's Lane,Smiths,kept,,,,32.320614,-64.728385,32.320614,-64.728385,
300,B0058-23,80 Harbour Road,Warwick,RELOCATED,near-number,#89 harbour road,>0.3km from harbour road,32.277411,-64.799762,32.2808345,-64.7962048,0.51
301,B0208-22,10 Devon Point Lane,Devonshire,kept,,,,32.300133,-64.743776,32.300133,-64.743776,
302,B0012-23,22 Narrows Lane,St. George,kept,,,,32.369247,-64.66457,32.369247,-64.66457,
303,B0068-23,,Southampton,REVIEW,parish-anchor,centre of Southampton road network,street not found in OSM — NEEDS REVIEW,,,32.2544361,-64.8439449,
304,B0064-23,8 Agar's Hill,Pembroke,kept,,,,32.2944,-64.805,32.2944,-64.805,
305,B0030-23,22 Mission Crescent,Paget,kept,,,,32.277893,-64.772558,32.277893,-64.772558,
306,B0066-23,15 Pinetree Lane Unit: A,Sandys,kept,,,,32.3008855,-64.864057,32.3008855,-64.864057,
307,B0069-23,34 Mill Shares Road,Pembroke,kept,,,,32.298994,-64.804708,32.298994,-64.804708,
308,BR0027-23,61 Harbour Road,Paget,kept,,,,32.286387,-64.782047,32.286387,-64.782047,
309,BC0130-22,24 Rosemont Avenue,Pembroke,kept,,,,32.294916,-64.793056,32.294916,-64.793056,
310,B0080-23,2 Bloomfield Drive,Warwick,kept,,,,32.263842,-64.821897,32.263842,-64.821897,
311,B0478-22,15 Point Shares Road,Pembroke,kept,,,,32.2942895,-64.8035103,32.2942895,-64.8035103,
312,B0045-23,8 Tousvent Lane,Warwick,kept,,,,32.275466,-64.792692,32.275466,-64.792692,
313,B0499-22,3 Windy Bank,Smiths,kept,,,,32.314349,-64.742889,32.314349,-64.742889,
314,B0089-23,5 Cann Drive,Sandys,kept,,,,32.293971,-64.87229,32.293971,-64.87229,
315,B0083-23,11 Manse Road,Paget,kept,,,,32.281129,-64.789129,32.281129,-64.789129,
316,B0046-23,52 Ord Road,Paget,kept,,,,32.278589,-64.781118,32.278589,-64.781118,
317,B0105-23,102 Cobbs Hill Road,Warwick,kept,,,,32.270143,-64.787835,32.270143,-64.787835,
318,B0113-23,17 Clarendon Road,Hamilton,kept,,,,32.320857,-64.73705,32.320857,-64.73705,
319,B0098-23,38 Astwood Road,Paget,kept,,,,32.289628,-64.766077,32.289628,-64.766077,
320,B0127-23,4 Keybay Lane,Pembroke,kept,,,,32.2959159,-64.8040488,32.2959159,-64.8040488,
321,BR0185-21,34 Pitts Bay Road,Pembroke,kept,,,,32.294439,-64.798828,32.294439,-64.798828,
322,B0138-23,16 Oleander Lane,Devonshire,kept,,,,32.307037,-64.750682,32.307037,-64.750682,
323,B0129-23,13 Fairways Road,Warwick,kept,,,,32.262776,-64.829281,32.262776,-64.829281,
324,B0097-23,22 Scott's Hill Road,Sandys,kept,,,,32.298507,-64.863986,32.298507,-64.863986,
325,B0133-23,16 Trimingham Hill,Paget,kept,,,,32.289313,-64.769554,32.289313,-64.769554,
326,B0475-22,24 Burgess Point Road,Warwick,kept,,,,32.267049,-64.829325,32.267049,-64.829325,
327,B0147-23,29 St. David's Road,St. George,kept,,,,32.367946,-64.6717864,32.367946,-64.6717864,
328,B0107-23,191 South Road,Paget,kept,,,,32.293578,-64.758978,32.293578,-64.758978,
329,BC0034-23,18 Church Street,City of Hamilton,kept,,,,32.29394,-64.785606,32.29394,-64.785606,
330,B0182-23,14 St. Anne's Road,Southampton,kept,,,,32.251412,-64.842699,32.251412,-64.842699,
331,B0128-23,10 Hexham Drive,Hamilton,kept,,,,32.328017,-64.705022,32.328017,-64.705022,
332,B0175-23,10 WindReach Lane,Warwick,kept,,,,32.262617,-64.810158,32.262617,-64.810158,
333,B0183-23,14 Cottage Hill Road West,Hamilton,kept,,,,32.341832,-64.729369,32.341832,-64.729369,
334,B0196-23,166 Somerset Road,Sandys,kept,,,,32.2806,-64.875154,32.2806,-64.875154,
335,BR0085-23,5 Lighthouse Hill,St. George,kept,,,,32.3664948,-64.6550339,32.3664948,-64.6550339,
336,B0193-23,11 Purvis Estate Road,Warwick,kept,,,,32.269216,-64.80509,32.269216,-64.80509,
337,B0108-23,10 Paget Close,Paget,kept,,,,32.290828,-64.773388,32.290828,-64.773388,
338,B0219-23,27 Melville Road,Devonshire,kept,,,,32.302979,-64.753965,32.302979,-64.753965,
339,B0199-23,3 Sonesta Drive,Southampton,kept,,,,32.249952,-64.833779,32.249952,-64.833779,
340,BC0050-23,14 Wesley Street,City of Hamilton,kept,,,,32.294522,-64.786809,32.294522,-64.786809,
341,BC0126-22,38 Schools Drive,Devonshire,kept,,,,32.303848,-64.768674,32.303848,-64.768674,
342,B0226-23,24 Seabright Avenue,Paget,kept,,,,32.287813,-64.7619,32.287813,-64.7619,
343,B0234-23,100 Harbour Road,Paget,kept,,,,32.287261,-64.780805,32.287261,-64.780805,
344,B0236-23,15 Ocean Sands Road,Warwick,kept,,,,32.259797,-64.811346,32.259797,-64.811346,
345,B0244-23,5 Seabright Lane,Paget,kept,,,,32.288749,-64.760913,32.288749,-64.760913,
346,B0233-23,18 Farmer's Lane,Warwick,kept,,,,32.265717,-64.815889,32.265717,-64.815889,
347,B0239-23,13 Witchery Lane,Warwick,kept,,,,32.2690077,-64.7880542,32.2690077,-64.7880542,
348,B0241-23,19 Jennings Road,Smiths,kept,,,,32.318315,-64.738728,32.318315,-64.738728,
349,B0237-23,31 Harrington Sound Road,Bermuda,RELOCATED,near-number,#23 harrington sound road,>0.3km from harrington sound road,32.336144,-64.705058,32.3222735,-64.7286219,2.7
350,B0256-23,18 Farmer's Lane,Warwick,kept,,,,32.265717,-64.815889,32.265717,-64.815889,
351,BR0092-23,11 Somerset Road,Sandys,kept,,,,32.301725,-64.868145,32.301725,-64.868145,
352,B0247-23,3 Kilderry Close,Smiths,kept,,,,32.311464,-64.745214,32.311464,-64.745214,
353,B0172-23,9 Happy Talk Drive,Paget,kept,,,,32.291840433333334,-64.7637586333333,32.291840433333334,-64.7637586333333,
354,B0253-23,1 Garthowen Road,Devonshire,kept,,,,32.300223,-64.757002,32.300223,-64.757002,
355,BR0114-23,10 Sunset Pass,Pembroke,kept,,,,32.303824,-64.800999,32.303824,-64.800999,
356,B0259-23,2 Hidden Cove Lane,Hamilton,kept,,,,32.343812,-64.709815,32.343812,-64.709815,
357,BR0108-23,19 Stowe Hill,Paget,kept,,,,32.289049,-64.773041,32.289049,-64.773041,
358,B0224-23,11 Beaming Hill,Southampton,kept,,,,32.251342,-64.832234,32.251342,-64.832234,
359,B0276-23,,Devonshire,REVIEW,parish-anchor,centre of Devonshire road network,street not found in OSM — NEEDS REVIEW,,,32.3039374,-64.7591087,
360,B0120-23,43 Malabar Road,Sandys,kept,,,,32.3059488,-64.8559664,32.3059488,-64.8559664,
361,B0275-23,6 Mill Reach Lane,Pembroke,kept,,,,32.299117,-64.799605,32.299117,-64.799605,
362,BR0112-23,34 East Shore Road,Sandys,kept,,,,32.300961,-64.862536,32.300961,-64.862536,
363,B0300-23,10 Halfway Lane,Smiths,kept,,,,32.314631,-64.722148,32.314631,-64.722148,
364,B0289-23,11 Seabright Lane,Paget,kept,,,,32.291840433333334,-64.7637586333333,32.291840433333334,-64.7637586333333,
365,BR0128-23,4 Southcote Road,Paget,kept,,,,32.277841,-64.781579,32.277841,-64.781579,
366,B0283-23,30 South Road,Hamilton,kept,,,,32.327784,-64.700041,32.327784,-64.700041,
367,BC0072-23,94 Middle Road,Devonshire,kept,,,,32.303726,-64.755791,32.303726,-64.755791,
368,B0328-23,27 Harrington Sound Road,Hamilton,RELOCATED,near-number,#19 harrington sound road,>0.3km from harrington sound road,32.334999,-64.706698,32.3315121,-64.7112575,0.58
369,BR0132-23,28 Rose Hill Road,Southampton,kept,,,,32.261322,-64.869343,32.261322,-64.869343,
370,B0327-23,4 Aldie Drive,Smiths,kept,,,,32.314128,-64.745546,32.314128,-64.745546,
371,B0310-23,97 Harrington Sound Road,Smiths,RELOCATED,near-number,#92 harrington sound road,>0.3km from harrington sound road,32.324886,-64.715552,32.3209063,-64.7153341,0.44
372,B0223-23,5 Melville Crescent,Devonshire,kept,,,,32.299747,-64.751496,32.299747,-64.751496,
373,B0073-23,76 Harbour Road,Warwick,kept,,,,32.276969,-64.800649,32.276969,-64.800649,
374,BC0131-22,14 Ferry Road,St. George,RELOCATED,near-number,#13 ferry road,>0.3km from ferry road,32.368817,-64.70175,32.3733407,-64.6977803,0.63
375,B0155-23,26 Castile Road,Warwick,kept,,,,32.265839,-64.829075,32.265839,-64.829075,
376,B0181-23,144 Somerset Road,Sandys,kept,,,,32.286008,-64.875115,32.286008,-64.875115,
377,B0277-23,7 Inghams Drive,Pembroke,kept,,,,32.304996,-64.800128,32.304996,-64.800128,
378,B0329-23,3 Tuckers Town Road,St. George,kept,,,,32.3342409,-64.6933298,32.3342409,-64.6933298,
379,B0346-23,2 George's Bay Road,Sandys,kept,,,,32.268599,-64.872374,32.268599,-64.872374,
380,B0349-23,35 Knapton Estates Road,Smiths,kept,,,,32.318505,-64.717106,32.318505,-64.717106,
381,B0228-23,6 Flowercote Lane,Smiths,kept,,,,32.3131214,-64.72813665,32.3131214,-64.72813665,
382,B0342-23,10 Frascati Lane,Bermuda,kept,,,,32.321635,-64.73887,32.321635,-64.73887,
383,B0348-23,9 Store Hill,Smiths,kept,,,,32.3175347,-64.7463399666666,32.3175347,-64.7463399666666,
384,B0353-23,6 Bean Dale,Pembroke,kept,,,,32.30365765,-64.8067879,32.30365765,-64.8067879,
385,B0273-23,2 Deepwood Drive,Pembroke,kept,,,,32.296348,-64.801174,32.296348,-64.801174,
386,B0295-23,8 Frascati Lane,Bermuda,kept,,,,32.32154,-64.739194,32.32154,-64.739194,
387,B0364-23,12 Knapton Estates Road,Smiths,kept,,,,32.315525,-64.719527,32.315525,-64.719527,
388,B0370-23,136 Somerset Road,Sandys,RELOCATED,near-number,#146 somerset road,>0.3km from somerset road,32.288659,-64.874039,32.2846631,-64.8752028,0.46
389,B0378-23,18 Grape Bay Drive,Paget,kept,,,,32.283915,-64.771408,32.283915,-64.771408,
390,B0377-23,3 Green Bay Lane,Pembroke,kept,,,,32.302134,-64.81198,32.302134,-64.81198,
391,B0373-23,14 Cross Bay Road,Southampton,kept,,,,32.250044,-64.829252,32.250044,-64.829252,
392,B0358-23,8 Bridge View Lane,Sandys,RELOCATED,street,bridge view lane (8 pts in parish),>1.2km from bridge view lane,32.32067298709678,-64.8407611225806,32.3037912,-64.8603385,2.63
393,B0278-23,15 Cavendish Road,Pembroke,kept,,,,32.294307,-64.774715,32.294307,-64.774715,
394,B0380-23,17 Point Finger Road,Paget,kept,,,,32.290884,-64.76554,32.290884,-64.76554,
395,B0381-23,29 Berry Hill Road,Paget,kept,,,,32.294235,-64.765527,32.294235,-64.765527,
396,B0290-23,11 Kelland Circle,Warwick,RELOCATED,street,kelland circle (23 pts in parish),>1.2km from kelland circle,32.273333,-64.806729,32.2704937,-64.7926894,1.36
397,B0020-23,3 Tween Walls,Sandys,kept,,,,32.304535,-64.867865,32.304535,-64.867865,
398,B0314-23,7 Salt House Lane,Smiths,kept,,,,32.319315,-64.723982,32.319315,-64.723982,
399,B0394-23,9 Farmstead Lane Unit: A,Sandys,kept,,,,32.2726262,-64.8766786,32.2726262,-64.8766786,
400,B0321-23,6 Mill Reach Lane,Pembroke,kept,,,,32.299117,-64.799605,32.299117,-64.799605,
401,B0344-23,1 Bluebird Lane,Sandys,kept,,,,32.279571,-64.874619,32.279571,-64.874619,
402,B0357-23,4 Glebe Hill,Hamilton,kept,,,,32.333267,-64.70207,32.333267,-64.70207,
403,BR0169-23,1 Marshall Island,Warwick,kept,,,,32.269346975,-64.807804025,32.269346975,-64.807804025,
404,B0306-23,48 Happy Valley Road,Pembroke,kept,,,,32.297571,-64.772474,32.297571,-64.772474,
405,B0350-23,4 Third Avenue,Warwick,kept,,,,32.259293,-64.813778,32.259293,-64.813778,
406,B0405-23,13 Devondale Drive,Devonshire,kept,,,,32.295862,-64.751285,32.295862,-64.751285,
407,B0406-23,131 Middle Road,Southampton,kept,,,,32.254156,-64.845994,32.254156,-64.845994,
408,B0308-23,10 Chapel Lane,Paget,kept,,,,32.281384,-64.783375,32.281384,-64.783375,
409,B0230-23,76 North Shore Road,Hamilton,kept,,,,32.333792,-64.737172,32.333792,-64.737172,
410,B0307-23,18 Ord Road,Warwick,kept,,,,32.269771,-64.798931,32.269771,-64.798931,
411,B0343-23,3 Rocky Ridge Road,Smiths,kept,,,,32.325582,-64.714805,32.325582,-64.714805,
412,B0225-23,10 Hidden Cove Lane,Hamilton,kept,,,,32.344422,-64.70948,32.344422,-64.70948,
413,B0311-23,13 Grape Bay Drive,Paget,kept,,,,32.285071,-64.771347,32.285071,-64.771347,
414,B0322-23,6 Mill Reach Lane,Pembroke,kept,,,,32.299117,-64.799605,32.299117,-64.799605,
415,B0374-23,5 Desilva Drive,Warwick,kept,,,,32.269334,-64.792456,32.269334,-64.792456,
416,B0345-23,4 Bellevue Lane,Paget,kept,,,,32.284535,-64.767473,32.284535,-64.767473,
417,BR0009-23,1 Green View Lane,Smiths,kept,,,,32.306914,-64.737264,32.306914,-64.737264,
418,B0437-23,11 Jennings Bay Road,Southampton,kept,,,,32.258053,-64.864192,32.258053,-64.864192,
419,B0347-23,29 Harrington Hundreds Road,Smiths,kept,,,,32.317249,-64.72373,32.317249,-64.72373,
420,B0354-23,68 North Shore Road,Pembroke,kept,,,,32.304807,-64.791546,32.304807,-64.791546,
421,B0356-23,4 Rose Glen,Warwick,kept,,,,32.273458,-64.805023,32.273458,-64.805023,
422,B0355-23,91 Harrington Sound Road,Smiths,RELOCATED,near-number,#92 harrington sound road,>0.3km from harrington sound road,32.324435,-64.715038,32.3209063,-64.7153341,0.39
423,B0431-23,8 Holly Lane,Smiths,kept,,,,32.319887,-64.739033,32.319887,-64.739033,
424,BR0161-23,15 Middle Road,Paget,kept,,,,32.280359,-64.791405,32.280359,-64.791405,
425,B0429-23,8 Tablerock Avenue,Pembroke,kept,,,,32.30409,-64.798245,32.30409,-64.798245,
426,B0427-23,13 Shaw Wood Road,Pembroke,kept,,,,32.30306,-64.810748,32.30306,-64.810748,
427,B0428-23,11 Agar's Island,Pembroke,kept,,,,32.29370414931507,-64.8038436136986,32.29370414931507,-64.8038436136986,
428,B0447-23,4 Windcrest Drive,Paget,kept,,,,32.289752,-64.768415,32.289752,-64.768415,
429,B0446-23,13 Elliott Street West,City of Hamilton,kept,,,,32.2971141,-64.7849691,32.2971141,-64.7849691,
430,B0456-23,25 St. Mark's Road,Smiths,kept,,,,32.313969,-64.734886,32.313969,-64.734886,
431,B0454-23,6 Skyline Road,Smiths,kept,,,,32.318858,-64.719943,32.318858,-64.719943,
432,B0459-23,8 Summit View Drive,Hamilton,kept,,,,32.346062,-64.725114,32.346062,-64.725114,
433,B0460-23,6 Rosemont Avenue,Pembroke,kept,,,,32.296967,-64.79383,32.296967,-64.79383,
434,B0464-23,5 Pampas Lane,Smiths,kept,,,,32.305303,-64.737992,32.305303,-64.737992,
435,B0462-23,5 Acacia Lane,Sandys,kept,,,,32.303209,-64.869886,32.303209,-64.869886,
436,BC0097-23,117 Middle Road,Warwick,kept,,,,32.275921,-64.794246,32.275921,-64.794246,
437,B0471-23,18 St. Anne's Road,Southampton,kept,,,,32.251447,-64.841925,32.251447,-64.841925,
438,BR0162-23,66 Sound View Road,Sandys,RELOCATED,near-number,#75 sound view road,>0.3km from sound view road,32.294539,-64.869691,32.2927803,-64.872825,0.35
439,B0470-23,39 Orchard Grove,Pembroke,kept,,,,32.304322,-64.775162,32.304322,-64.775162,
440,BC0135-23,1 Middle Road,Sandys,kept,,,,32.2782539,-64.876743,32.2782539,-64.876743,
441,B0492-23,7A South Road,Hamilton,kept,,,,32.32589,-64.705543,32.32589,-64.705543,
442,B0496-23,53 St. David's Road,St. George,kept,,,,32.3653612,-64.6640368,32.3653612,-64.6640368,
443,B0312-23,7 Plaice's Point Road,Pembroke,kept,,,,32.304396,-64.815577,32.304396,-64.815577,
444,B0472-23,7 Whitney Avenue West,Pembroke,kept,,,,32.304553,-64.788941,32.304553,-64.788941,
445,B0490-23,19 Beacon Hill Road,Sandys,kept,,,,32.301666,-64.866106,32.301666,-64.866106,
446,B0469-23,14 Southlyn Lane,Paget,kept,,,,32.280503,-64.778193,32.280503,-64.778193,
447,B0499-23,1 Seabright Lane,Paget,kept,,,,32.288662,-64.761375,32.288662,-64.761375,
448,B0484-23,21 Rocky Bay Lane,Devonshire,kept,,,,32.304179,-64.752882,32.304179,-64.752882,
449,B0486-23,21 Shore Hills Lane,St. George,kept,,,,32.371458,-64.695616,32.371458,-64.695616,
450,B0507-23,3 Scenic Heights Pass,Southampton,kept,,,,32.258806,-64.823321,32.258806,-64.823321,
451,BR0215-23,4 Tribe Road No 1,Paget,kept,,,,32.289669,-64.762245,32.289669,-64.762245,
452,B0500-23,33 Melville Road,Devonshire,kept,,,,32.303834,-64.753626,32.303834,-64.753626,
453,B0511-23,15 Grasmere Road,Pembroke,kept,,,,32.30067,-64.808714,32.30067,-64.808714,
454,BR0232-23,6 Manderley Mews,Warwick,RELOCATED,street,manderley mews (10 pts in parish),wrong parish,32.321056,-64.727167,32.2640995,-64.8197959,10.78
455,B0481-23,41 Pitts Bay Road,Pembroke,RELOCATED,street-anchored,#54 pitts bay road,wrong parish,32.263911,-64.819931,32.2918389,-64.7948361,3.9
456,B0509-23,37 South Road,Smiths,RELOCATED,street-anchored,#51 south road,wrong parish,32.294184,-64.795714,32.312149,-64.7327815,6.25
457,B0495-23,17 Rocky Ridge Road,Smiths,RELOCATED,street,rocky ridge road (14 pts in parish),>1.2km from rocky ridge road,32.30992,-64.735451,32.3261835,-64.7147658,2.66
458,B0506-23,27 Harvest Lane Unit: A,Hamilton,RELOCATED,near-number,#26 harvest lane,wrong parish,32.267315,-64.872368,32.3353981,-64.7335381,15.11
459,B0002-24,13 Foothills Road,Devonshire,RELOCATED,street,foothills road (19 pts in parish),wrong parish,32.3354143,-64.7322707,32.3134028,-64.7534065,3.16
460,B0503-23,10 Westwood Lane,Paget,RELOCATED,street,westwood lane (20 pts in parish),wrong parish,32.312807,-64.752368,32.2868308,-64.7798414,3.88
461,B0505-23,127 Middle Road,Southampton,RELOCATED,near-number,#118 middle road,wrong parish,32.286988,-64.780185,32.2548832,-64.8406697,6.72
462,B0018-24,12 Paget Close,Paget,RELOCATED,street,paget close (13 pts in parish),wrong parish,32.254039,-64.84694,32.2917742,-64.7728753,8.14
463,B0003-24,2 Tamarisk Hill,Smiths,RELOCATED,street,tamarisk hill (5 pts in parish),wrong parish,32.290606,-64.773248,32.3181993,-64.7457751,4.01
464,B0009-24,17 Mcgall's Bay Road,Smiths,RELOCATED,street,mcgalls bay road (14 pts in parish),>1.2km from mcgalls bay road,32.317988,-64.745986,32.3108347,-64.7305954,1.65
465,BR0001-24,5 Edgehill Drive,Paget,RELOCATED,street,edgehill drive (10 pts in parish),wrong parish,32.308879,-64.730553,32.2794658,-64.7883467,6.35
466,BR0005-24,38 Middle Road,Devonshire,RELOCATED,street-anchored,#16 middle road,wrong parish,32.279516,-64.788076,32.295416,-64.76825,2.57
467,B0022-24,8 Jackson Drive,Devonshire,RELOCATED,street,jackson drive (5 pts in parish),>1.2km from jackson drive,32.29586,-64.766568,32.3054803,-64.7521967,1.73
468,B0014-24,7 Knapton Crescent,Smiths,RELOCATED,street,knapton crescent (10 pts in parish),wrong parish,32.306043,-64.752237,32.3164596,-64.7199353,3.25
469,B0025-24,95 South Road,Paget,RELOCATED,near-number,#103 south road,wrong parish,32.316798,-64.719565,32.2810717,-64.7756122,6.6
470,B0023-24,24 Skyline Road,Smiths,RELOCATED,street,skyline road (15 pts in parish),wrong parish,32.280726,-64.776702,32.3191473,-64.720468,6.8
471,B0026-24,21 South Road,Smiths,RELOCATED,near-number,#23 south road,>0.3km from south road,32.319556,-64.720549,32.3066685,-64.7397557,2.31
472,B0035-24,22 Narrows Lane,St. George,RELOCATED,street,narrows lane (32 pts in parish),wrong parish,32.306682,-64.740254,32.3691168,-64.6659185,9.86
473,B0037-24,19 South Road,Southampton,RELOCATED,street-anchored,#56 south road,wrong parish,32.369247,-64.66457,32.2485197,-64.8392014,21.22
474,B0038-24,53 St. Anne's Road,Southampton,RELOCATED,near-number,#64 street annes road,>0.3km from street annes road,32.250391,-64.85057,32.2528267,-64.8345101,1.54
475,B0042-24,12 Harrington Hundreds Road Unit: A,Smiths,RELOCATED,street,harrington hundreds road (52 pts in parish),wrong parish,32.252656,-64.836254,32.3181969,-64.7248279,12.78
476,B0048-24,4 Knapton Crescent,Smiths,kept,,,,32.320632,-64.72602,32.320632,-64.72602,
477,BR0206-23,15 Harbour Road,Paget,RELOCATED,near-number,#27 harbour road,wrong parish,32.315434,-64.719929,32.28383,-64.7866553,7.2
478,B0068-24,13 Hillview Road,Warwick,RELOCATED,street,hillview road (28 pts in parish),wrong parish,32.282617,-64.78968,32.2691111,-64.8099144,2.43
479,B0039-24,12 Lighthouse Hill,St. George,RELOCATED,exact,addr point 12 lighthouse hill,wrong parish,32.269209,-64.810727,32.3661607,-64.6535595,18.31
480,B0062-24,3 Kilderry Close,Smiths,RELOCATED,street,kilderry close (5 pts in parish),wrong parish,32.3661611,-64.653535,32.3112462,-64.7451129,10.56
481,BR0037-24,34 Keith Hall Road,Warwick,RELOCATED,street,keith hall road (26 pts in parish),wrong parish,32.311464,-64.745214,32.2774325,-64.7978015,6.23
482,BR0035-24,28 Keith Hall Road,Warwick,kept,,,,32.2756,-64.797609,32.2756,-64.797609,
483,B0071-24,8 Riviera Road,Southampton,RELOCATED,street,riviera road (16 pts in parish),wrong parish,32.276122,-64.798414,32.2572071,-64.8260611,3.35
484,B0046-24,6 Mission Crescent,Paget,RELOCATED,street,mission crescent (23 pts in parish),wrong parish,32.257463,-64.827027,32.2786252,-64.7725157,5.65
485,B0085-24,41 St. Mary's Road,Warwick,RELOCATED,near-number,#44 street marys road,wrong parish,32.279867,-64.773622,32.2708999,-64.8054885,3.16
486,B0485-23,15 Southampton Road,Southampton,RELOCATED,street,southampton road (17 pts in parish),wrong parish,32.271808,-64.805808,32.2524857,-64.8625334,5.76
487,BR0054-24,30 Gilbert Hill,Smiths,RELOCATED,street,gilbert hill (49 pts in parish),wrong parish,32.251302,-64.863728,32.3109093,-64.7392549,13.47
488,BR0229-23,1 Jones Lane,Warwick,RELOCATED,street,jones lane (8 pts in parish),wrong parish,32.310245,-64.738139,32.2795285,-64.7955655,6.39
489,B0090-24,12 Speakers Drive,St. George,RELOCATED,exact,addr point 12 speakers drive,wrong parish,32.280109,-64.795768,32.3778255,-64.6851287,15.06
490,B0081-24,119 Harbour View Drive,Southampton,RELOCATED,street,harbour view drive (81 pts in parish),wrong parish,32.3778111,-64.6851087,32.2530379,-64.8272622,19.28
491,B0087-24,5 Woodstock Hill,Paget,RELOCATED,street,woodstock hill (46 pts in parish),wrong parish,32.251219,-64.826426,32.2870569,-64.7648372,7.04
492,B0086-24,5 Mcgalls Hill Court,Smiths,RELOCATED,street,mcgalls hill court (10 pts in parish),wrong parish,32.287189,-64.764582,32.3094792,-64.7362732,3.64
493,B0088-24,6 Hibiscus Lane,Pembroke,RELOCATED,street,hibiscus lane (6 pts in parish),wrong parish,32.309941,-64.736715,32.2947262,-64.7742435,3.92
494,BR0059-24,4 Burgess Point Road,Warwick,RELOCATED,street,burgess point road (17 pts in parish),wrong parish,32.294973,-64.774144,32.2670941,-64.8276166,5.91
495,B0093-24,5 Bayfield Road,Warwick,RELOCATED,near-number,#11 bayfield road,>0.3km from bayfield road,32.2675509,-64.8258986,32.2646449,-64.8185802,0.76
496,BR0004-24,121 Harrington Sound Road,Bermuda,RELOCATED,street-anchored,#102 harrington sound road,>1.2km from harrington sound road,32.264409,-64.817993,32.323059,-64.7144607,11.73
497,B0105-24,1 Between The Walls,Pembroke,RELOCATED,street,between the walls (14 pts in parish),wrong parish,32.328542,-64.714037,32.2935498,-64.7936659,8.44
498,B0102-24,15 Tablerock Avenue,Pembroke,RELOCATED,street,tablerock avenue (2 pts in parish),>1.2km from tablerock avenue,32.292103,-64.79373,32.3040707,-64.7980735,1.39
499,B0091-24,9 Burnt Hill Lane,Warwick,RELOCATED,street,burnt hill lane (12 pts in parish),wrong parish,32.303055,-64.797524,32.2663861,-64.8168287,4.47
500,B0104-24,20 Grasmere Road,Pembroke,RELOCATED,street,grasmere road (18 pts in parish),wrong parish,32.266334,-64.816241,32.3003681,-64.8069823,3.89
501,B0129-24,26 Jennings Bay Road,Southampton,RELOCATED,street,jennings bay road (23 pts in parish),wrong parish,32.300798,-64.807608,32.2577915,-64.8646373,7.19
502,B0126-24,5 Rocky Ridge Road,Smiths,RELOCATED,street,rocky ridge road (14 pts in parish),wrong parish,32.258021,-64.86375,32.3261835,-64.7147658,15.95
503,B0114-24,59 Spice Hill Road,Warwick,RELOCATED,street-anchored,#85 spice hill road,wrong parish,32.325474,-64.715429,32.2631567,-64.805297,10.94
504,B0127-24,9 Berry Hill Road,Paget,RELOCATED,street,berry hill road (48 pts in parish),wrong parish,32.26177,-64.810261,32.2940416,-64.7640316,5.64
505,B0487-23,49 Bloomfield Drive,Warwick,REVIEW,parish-anchor,centre of Warwick road network,street not found in OSM — NEEDS REVIEW,32.293934,-64.769054,32.2678602,-64.8053367,4.48
506,B0120-24,54 Serpentine Road,Pembroke,RELOCATED,exact,addr point 54 serpentine road,wrong parish,32.266444,-64.821083,32.2959973,-64.7891365,4.46
507,B0112-24,88 Sound View Road,Sandys,RELOCATED,street-anchored,#75 sound view road,wrong parish,32.2959924,-64.7891301,32.2927803,-64.872825,7.88
508,B0092-24,9 Cedarberry Drive,Hamilton,RELOCATED,street,cedarberry drive (21 pts in parish),wrong parish,32.292965,-64.873206,32.3408198,-64.7092143,16.33
509,B0135-24,7 Hastings Road,Pembroke,RELOCATED,exact,addr point 7 hastings road,wrong parish,32.34006,-64.709144,32.29295,-64.8014446,10.14
510,B0143-24,34 South Road,Southampton,RELOCATED,street-anchored,#56 south road,wrong parish,32.2929406,-64.8014382,32.2485197,-64.8392014,6.09
511,B0136-24,2 Twin Lane Place,Pembroke,RELOCATED,street,twin lane place (8 pts in parish),wrong parish,32.248954,-64.844145,32.3026094,-64.7913686,7.77
512,B0154-24,13A Middle Road,Warwick,RELOCATED,near-number,#15 middle road,wrong parish,32.302755,-64.791491,32.2641873,-64.8177186,4.95
513,B0132-24,13 Belmont Road,Warwick,RELOCATED,street,belmont road (31 pts in parish),>1.2km from belmont road,32.263759,-64.817458,32.2756986,-64.8014238,2.01
514,B0152-24,1 Church Road,Southampton,RELOCATED,near-number,#2 church road,wrong parish,32.274768,-64.801626,32.2535042,-64.846445,4.84
515,B0184-24,10 Arlington Drive,Smiths,RELOCATED,street,arlington drive (2 pts in parish),wrong parish,32.293985,-64.78753,32.3151461,-64.7419163,4.9
516,B0182-24,52 Jennings Road,Smiths,kept,,,,32.314425,-64.742002,32.314425,-64.742002,
517,B0179-24,6 Pokiok Road,Smiths,kept,,,,32.318284,-64.740346,32.318284,-64.740346,
518,B0181-24,9 Happy Talk Drive,Paget,RELOCATED,street,happy talk drive (5 pts in parish),wrong parish,32.308346,-64.733483,32.2925521,-64.7578132,2.89
519,B0191-24,8 Emily's Bay Lane,St. George,RELOCATED,street,emilys bay lane (18 pts in parish),wrong parish,32.291840433333334,-64.7637586333333,32.3690754,-64.6721298,12.18
520,B0206-24,25 Between The Walls,Pembroke,RELOCATED,street,between the walls (14 pts in parish),wrong parish,32.369063,-64.67289,32.2935498,-64.7936659,14.13
521,B0197-24,12A Southcote Road,Paget,RELOCATED,street,southcote road (7 pts in parish),wrong parish,32.295816,-64.794069,32.2767911,-64.7806402,2.47
522,B0217-24,9 Keith Hall Road,Warwick,RELOCATED,street,keith hall road (26 pts in parish),wrong parish,32.276929,-64.781585,32.2774325,-64.7978015,1.53
523,B0200-24,10 Mizzentop,Warwick,kept,,,,32.277845,-64.798117,32.277845,-64.798117,
524,B0198-24,7A Wreck Road,Sandys,RELOCATED,near-number,#1 wreck road,wrong parish,32.27150525,-64.805102125,32.2764191,-64.8773217,6.82
525,BC0040-24,56 South Road,Southampton,RELOCATED,exact,addr point 56 south road,wrong parish,32.275318,-64.878373,32.2485197,-64.8392014,4.74
526,B0508-23,12 Williams Estate,Smiths,REVIEW,parish-anchor,centre of Smith's road network,street not found in OSM — NEEDS REVIEW,32.248964,-64.839529,32.3154757,-64.7304162,12.66
527,B0243-24,15 Coopers Hill,Southampton,REVIEW,parish-anchor,centre of Southampton road network,street not found in OSM — NEEDS REVIEW,32.306196,-64.735474,32.2544361,-64.8439449,11.72
528,B0236-24,11 Herons Nest Drive,Southampton,RELOCATED,street,herons nest drive (17 pts in parish),>1.2km from herons nest drive,32.252302,-64.844932,32.2605307,-64.8250678,2.08
529,B0237-24,4 Clouds Avenue,Warwick,RELOCATED,street,clouds avenue (2 pts in parish),wrong parish,32.260025,-64.825498,32.2577787,-64.8131251,1.19
530,B0242-24,12 Tanglewood Road,Paget,RELOCATED,street-anchored,#46 tanglewood road,wrong parish,32.25761,-64.813044,32.2793449,-64.7890794,3.31
531,B0239-24,7 Tulo Lane,Pembroke,RELOCATED,street,tulo lane (12 pts in parish),wrong parish,32.276417,-64.788316,32.3034207,-64.8049474,3.39
532,B0252-24,12 Devondale Drive,Devonshire,RELOCATED,street,devondale drive (21 pts in parish),wrong parish,32.303706,-64.805129,32.2972569,-64.7512587,5.12
533,B0260-24,28 Castile Road,Warwick,REVIEW,parish-anchor,centre of Warwick road network,street not found in OSM — NEEDS REVIEW,32.296333,-64.75155,32.2678602,-64.8053367,5.97
534,B0216-24,8 Harvey Road,Paget,RELOCATED,street,harvey road (15 pts in parish),wrong parish,32.265302,-64.82917,32.272155,-64.7866886,4.07
535,B0277-24,11 Garthowen Road,Devonshire,RELOCATED,street,garthowen road (21 pts in parish),wrong parish,32.272609,-64.787361,32.299317,-64.7567287,4.14
536,B0265-24,1 Zuill's Park Drive,Smiths,RELOCATED,street,zuills park drive (18 pts in parish),wrong parish,32.299257,-64.755618,32.3143931,-64.7304415,2.91
537,B0284-24,28 North Shore Road,Smiths,RELOCATED,street-anchored,#2 north shore road,>1.2km from north shore road,32.3131214,-64.72813665,32.3158395,-64.7500276,2.08
538,B0275-24,43 Old Road,Hamilton,RELOCATED,street,old road (19 pts in parish),wrong parish,32.318911,-64.744669,32.3355446,-64.7395971,1.91
539,B0272-24,8 Harbour Road,Warwick,RELOCATED,street-anchored,#89 harbour road,wrong parish,32.336613,-64.739729,32.2808345,-64.7962048,8.17
540,BR0157-24,5 Shinbone Alley,Town of St. George,RELOCATED,exact,addr point 5 shinbone alley,wrong parish,32.269312,-64.816535,32.3828525,-64.6756054,18.32
541,BC0086-24,76 Pitts Bay Road,Pembroke,RELOCATED,exact,addr point 76 pitts bay road,wrong parish,32.382931,-64.67565,32.2905525,-64.7923192,15.03
542,B0294-24,8 Southlyn Lane,Paget,RELOCATED,street,southlyn lane (17 pts in parish),wrong parish,32.290548,-64.792314,32.2806594,-64.7776944,1.76
543,B0287-24,32 Pearman's Hill West,Warwick,RELOCATED,street,pearmans hill west (28 pts in parish),wrong parish,32.280962,-64.777781,32.264039,-64.8083577,3.44
544,B0266-24,4 Aldie Drive,Smiths,RELOCATED,street,aldie drive (6 pts in parish),wrong parish,32.264557,-64.808841,32.3142004,-64.745519,8.13
545,B0306-24,13 Windermere,Pembroke,RELOCATED,street,windermere (11 pts in parish),wrong parish,32.314128,-64.745546,32.2986532,-64.8030275,5.68
546,B0297-24,1 Timber Lane,Pembroke,kept,,,,32.299549,-64.802894,32.299549,-64.802894,
547,B0422-23,14 Laffan Street,City of Hamilton,RELOCATED,near-number,#11 laffan street,>0.3km from laffan street,32.296195,-64.799507,32.2971245,-64.7863334,1.24
548,B0295-24,8 Inglewood Lane,Paget,RELOCATED,near-number,#13 inglewood lane,wrong parish,32.297671,-64.785587,32.28505,-64.76539,2.36
549,B0290-24,4 Lulworth Lane,Pembroke,RELOCATED,exact,addr point 4 lulworth lane,wrong parish,32.286772,-64.766868,32.2935435,-64.8054161,3.71
550,BC0008-24,5 The Lane,Paget,RELOCATED,near-number,#6 the lane,wrong parish,32.2935339,-64.8053996,32.2899995,-64.7716785,3.2
551,B0307-24,1 High Knoll Lane,Smiths,RELOCATED,street,high knoll lane (15 pts in parish),wrong parish,32.290426,-64.772063,32.3162755,-64.7185543,5.8
552,B0327-24,14 Jubilee Road,Devonshire,RELOCATED,street,jubilee road (24 pts in parish),wrong parish,32.316389,-64.718497,32.302786,-64.7605636,4.24
553,B0323-24,17 Friths Farm Road,Paget,REVIEW,parish-anchor,centre of Paget road network,street not found in OSM — NEEDS REVIEW,32.302098,-64.761213,32.2849567,-64.7753406,2.33
554,B0326-24,,Devonshire,REVIEW,parish-anchor,centre of Devonshire road network,street not found in OSM — NEEDS REVIEW,32.278675,-64.785147,32.3039374,-64.7591087,3.73
555,B0315-24,,Warwick,REVIEW,parish-anchor,centre of Warwick road network,street not found in OSM — NEEDS REVIEW,,,32.2678602,-64.8053367,
556,B0314-24,1 Marshall Island,Warwick,REVIEW,parish-anchor,centre of Warwick road network,street not found in OSM — NEEDS REVIEW,,,32.2678602,-64.8053367,
557,B0303-24,10 Valley Road,Paget,RELOCATED,near-number,#6 valley road,wrong parish,32.284704,-64.812308,32.2835016,-64.7776835,3.26
558,BC0069-24,1 Harbour Road,Bermuda,RELOCATED,exact,addr point 1 harbour road,>0.1km from harbour road,32.283866,-64.778036,32.281139,-64.7952834,1.65
559,B0292-24,18 First Avenue,Pembroke,RELOCATED,street,first avenue (7 pts in parish),wrong parish,32.279847,-64.79798,32.2950342,-64.7732414,2.88
560,B0322-24,3 Devon Point Lane,Devonshire,RELOCATED,street,devon point lane (24 pts in parish),wrong parish,32.294551,-64.773418,32.3010169,-64.7440821,2.85
561,B0339-24,13 Middleton Lane,Paget,RELOCATED,street,middleton lane (6 pts in parish),wrong parish,32.301149,-64.744688,32.2818317,-64.7805188,4
562,B0185-24,53 Harrington Sound Road,Hamilton,RELOCATED,street-anchored,#19 harrington sound road,wrong parish,32.280647,-64.779801,32.3315121,-64.7112575,8.58
563,B0347-24,51 St. Anne's Road,Southampton,RELOCATED,near-number,#42 street annes road,wrong parish,32.34255,-64.710431,32.2526096,-64.8390528,15.7
564,BR0167-24,3 Queen Street,Town of St. George,RELOCATED,exact,addr point 3 queen street,wrong parish,32.253122,-64.836435,32.3815161,-64.6780783,20.65
565,BREV0367-24,4 Lulworth Lane,Pembroke,RELOCATED,exact,addr point 4 lulworth lane,wrong parish,32.3815098,-64.6780743,32.2935435,-64.8054161,15.47
566,B0348-24,9 Verdmont Valley Drive,Smiths,RELOCATED,street,verdmont valley drive (23 pts in parish),wrong parish,32.2935339,-64.8053996,32.3102938,-64.7423319,6.22
567,BREV0347-24,34 South Road,Southampton,RELOCATED,street-anchored,#56 south road,wrong parish,32.310749,-64.743077,32.2485197,-64.8392014,11.39
568,B0355-24,18 Riddell's Bay Road,Warwick,RELOCATED,street,riddells bay road (77 pts in parish),wrong parish,32.248954,-64.844145,32.2654832,-64.8238379,2.65
569,BREV0389-24,1 Timber Lane,Pembroke,RELOCATED,street,timber lane (7 pts in parish),wrong parish,32.264337,-64.821585,32.2955586,-64.7993392,4.06
570,B0367-24,1 Turtle Bay Lane,Southampton,RELOCATED,street,turtle bay lane (17 pts in parish),wrong parish,32.296195,-64.799507,32.2509501,-64.8525184,7.09
571,B0376-24,36 Union Street,City of Hamilton,RELOCATED,exact,addr point 36 union street,wrong parish,32.250024,-64.85148,32.2968566,-64.7801544,8.5
572,B0357-24,85 North Shore Road,Pembroke,RELOCATED,exact,addr point 85 north shore road,>0.1km from north shore road,32.29686,-64.780142,32.3056388,-64.7878334,1.22
573,B0377-24,51 Pitts Bay Road,Pembroke,RELOCATED,near-number,#54 pitts bay road,>0.3km from pitts bay road,32.3056493,-64.7878537,32.2918389,-64.7948361,1.67
574,B0359-24,28 Point Finger Road,Paget,RELOCATED,street-anchored,#7 point finger road,wrong parish,32.29234,-64.794984,32.2929044,-64.7660607,2.72
575,B0343-24,10 Tankfield Lane,Paget,kept,,,,32.291779,-64.767231,32.291779,-64.767231,
576,BR0041-24,4 Lang Lane,St. George,RELOCATED,street,lang lane (15 pts in parish),wrong parish,32.283678,-64.772568,32.3688103,-64.6701955,13.51
577,BREV0402-24,36 Middle Road,Devonshire,RELOCATED,street-anchored,#16 middle road,wrong parish,32.368856,-64.669927,32.295416,-64.76825,12.34
578,B0389-24,10 Collectors Hill,Smiths,RELOCATED,near-number,#3 collectors hill,wrong parish,32.295787,-64.766126,32.3053654,-64.7419944,2.51
579,B0398-24,7 Park View Lane,Devonshire,RELOCATED,street,park view lane (5 pts in parish),wrong parish,32.308037,-64.741357,32.2974108,-64.7689992,2.86
580,B0396-24,2 Lulworth Lane,Pembroke,RELOCATED,exact,addr point 2 lulworth lane,wrong parish,32.297492,-64.768743,32.2931148,-64.8054267,3.49
581,B0333-24,40 Crow Lane,Pembroke,RELOCATED,exact,addr point 40 crow lane,>0.1km from crow lane,32.2930967,-64.8055015,32.2936521,-64.7730671,3.05
582,B0397-24,2 Fort George Drive,Town of St. George,RELOCATED,exact,addr point 2 fort george drive,wrong parish,32.2936656,-64.772988,32.3796671,-64.6823322,12.82
583,B0408-24,6 Kiskadee Drive,Hamilton,RELOCATED,street,kiskadee drive (4 pts in parish),wrong parish,32.379659,-64.682414,32.3348651,-64.735571,7.06
584,B0427-24,37 Barry Road,Town of St. George,RELOCATED,exact,addr point 37 barry road,wrong parish,32.334494,-64.734906,32.3834092,-64.668365,8.3
585,B0430-24,11 Turnstile Lane,Pembroke,RELOCATED,near-number,#5 turnstile lane,wrong parish,32.3810447,-64.676717,32.2941512,-64.7950116,14.74
586,B0392-24,6 Sylvan Dell Road,Paget,RELOCATED,street,sylvan dell road (14 pts in parish),wrong parish,32.294257,-64.794695,32.2749053,-64.7848039,2.35
587,B0409-24,8 Mcgalls Hill Court,Smiths,RELOCATED,street,mcgalls hill court (10 pts in parish),wrong parish,32.274754,-64.784855,32.3094792,-64.7362732,5.99
588,BR0231-24,4 Aldie Drive,Smiths,kept,,,,32.310369,-64.736565,32.310369,-64.736565,
589,B0412-24,2 Agar's Hill,Pembroke,RELOCATED,exact,addr point 2 agars hill,wrong parish,32.314128,-64.745546,32.2949592,-64.8041959,5.92
590,B0437-24,26 Turk's Head Lane,Devonshire,RELOCATED,street,turks head lane (11 pts in parish),wrong parish,32.294947,-64.8042311,32.2976412,-64.754987,4.64
591,BC0121-24,11 North Street,Bermuda,RELOCATED,exact,addr point 11 north street,>0.1km from north street,32.302098,-64.761213,32.2992642,-64.7820109,1.98
592,B0432-24,84 The Glebe Road,Devonshire,RELOCATED,exact,addr point 84 the glebe road,wrong parish,32.299235,-64.781495,32.3069668,-64.7749029,1.06
593,B0440-24,6 Peppercorn Lane,Southampton,RELOCATED,street,peppercorn lane (15 pts in parish),wrong parish,32.30699757586207,-64.7738048172413,32.2591042,-64.82784,7.37
594,B0002-25,5 Long Lane,Hamilton,RELOCATED,exact,addr point 5 long lane,wrong parish,32.259651,-64.827163,32.3304583,-64.6999325,14.34
595,B0007-25,1 BFA Way,Devonshire,RELOCATED,exact,addr point 1 bfa way,wrong parish,32.3304207,-64.6999353,32.301,-64.768808,7.26
596,B0006-25,19 Sunrise Drive,Hamilton,RELOCATED,street-anchored,#6 sunrise drive,wrong parish,32.301044,-64.768792,32.3465046,-64.7167268,7.04
597,BC0022-25,61 Pitts Bay Road,Pembroke,RELOCATED,exact,addr point 61 pitts bay road,wrong parish,32.345554,-64.715805,32.2915425,-64.7920038,9.35
598,BREV0447-24,1 The Lane,Paget,RELOCATED,near-number,#6 the lane,wrong parish,32.291726,-64.791811,32.2899995,-64.7716785,1.9
599,B0028-25,6 Cross Bay Road,Southampton,RELOCATED,street,cross bay road (10 pts in parish),wrong parish,32.289942,-64.772349,32.2499162,-64.8305295,7.06
600,B0014-25,22A Cedar Heights Lane,Warwick,RELOCATED,street,cedar heights lane (10 pts in parish),wrong parish,32.249624,-64.830499,32.2687946,-64.8068447,3.08
601,BREV0020-25,7 Grasmere Road,Pembroke,RELOCATED,street,grasmere road (18 pts in parish),wrong parish,32.290426,-64.772063,32.3003681,-64.8069823,3.47
602,B0026-25,10 Manor Hill,Warwick,RELOCATED,near-number,#8 manor hill,wrong parish,32.300356,-64.807231,32.2777809,-64.7942622,2.79
603,B0032-25,3 Undina Watch,Southampton,RELOCATED,street,undina watch (8 pts in parish),wrong parish,32.277717,-64.794515,32.2537229,-64.8351824,4.67
604,B0372-24,15 Wilderness Lane,Smiths,RELOCATED,street,wilderness lane (28 pts in parish),wrong parish,32.25180835555556,-64.8333210666666,32.3150082,-64.7306188,11.96
605,B0373-24,5 Devon Heights Close,Devonshire,RELOCATED,street,devon heights close (5 pts in parish),wrong parish,32.315817,-64.730257,32.3036429,-64.7466159,2.05
606,B0009-25,9 Cavello Heights,Sandys,RELOCATED,street,cavello heights (4 pts in parish),wrong parish,32.303933,-64.747048,32.2975434,-64.8640284,11.03
607,B0059-25,49 Paynters Hill,Hamilton,REVIEW,parish-anchor,centre of Hamilton road network,street not found in OSM — NEEDS REVIEW,32.297044,-64.863524,32.3412801,-64.7255713,13.88
608,BR0045-25,54 Ord Road,Paget,RELOCATED,street-anchored,#20 ord road,wrong parish,32.3375,-64.70222,32.2747244,-64.7859911,10.53
609,B0374-24,19 Devon Heights Road,Devonshire,RELOCATED,street,devon heights road (21 pts in parish),wrong parish,32.279185,-64.780565,32.3031733,-64.7458741,4.22
610,B0068-25,19 Harvey Road,Paget,RELOCATED,street,harvey road (15 pts in parish),wrong parish,32.303992,-64.746425,32.272155,-64.7866886,5.19
611,B0052-25,1 Constable Close,Southampton,RELOCATED,street,constable close (10 pts in parish),wrong parish,32.27254,-64.786562,32.2526759,-64.868319,8.01
612,BC0146-24,43 Victoria Street,City of Hamilton,RELOCATED,near-number,#44 victoria street,wrong parish,32.252999,-64.868366,32.2950891,-64.7818503,9.4
613,B0413-24,4 High Knoll Lane,Smiths,RELOCATED,street,high knoll lane (15 pts in parish),wrong parish,32.29535,-64.782378,32.3162755,-64.7185543,6.44
614,B0434-24,4 Turtle Bay Crescent,Southampton,RELOCATED,street,turtle bay crescent (17 pts in parish),wrong parish,32.316387,-64.718198,32.2500743,-64.8519534,14.59
615,B0054-25,8 Trimingham Hill,Paget,RELOCATED,street,trimingham hill (63 pts in parish),wrong parish,32.249646,-64.853291,32.2900621,-64.7690962,9.11
616,B0073-25,23 Melville Road,Devonshire,RELOCATED,street,melville road (45 pts in parish),wrong parish,32.290288,-64.769736,32.3022975,-64.7524478,2.11
617,B0075-25,11 Benny's Bay Road,Sandys,RELOCATED,street,bennys bay road (11 pts in parish),wrong parish,32.302289,-64.753397,32.2678242,-64.8792317,12.45
618,B0022-25,70 Harbour Road,Paget,RELOCATED,street-anchored,#27 harbour road,wrong parish,32.267747,-64.879456,32.28383,-64.7866553,8.92
619,BC0138-24,10 Queen Street,City of Hamilton,RELOCATED,exact,addr point 10 queen street,wrong parish,32.284045,-64.783545,32.2930502,-64.7860402,1.03
620,BR0021-25,3 Marshall Island,Warwick,REVIEW,parish-anchor,centre of Warwick road network,street not found in OSM — NEEDS REVIEW,32.368971,-64.681281,32.2678602,-64.8053367,16.21
621,BR0020-25,1 Marshall Island,Warwick,kept,,,,32.283819,-64.80844,32.283819,-64.80844,
622,B0090-25,49 Tucker's Point Drive,Hamilton,RELOCATED,street,tuckers point drive (14 pts in parish),wrong parish,32.284704,-64.812308,32.3390095,-64.7001682,12.16
623,B0070-25,57 Bloomfield Drive,Warwick,REVIEW,parish-anchor,centre of Warwick road network,street not found in OSM — NEEDS REVIEW,32.337896,-64.701341,32.2678602,-64.8053367,12.51
624,BC0033-25,37 Front Street,City of Hamilton,RELOCATED,exact,addr point 37 front street,wrong parish,32.266993,-64.821334,32.2923582,-64.785568,4.39
625,B0079-25,40 Crow Lane,Pembroke,RELOCATED,exact,addr point 40 crow lane,>0.1km from crow lane,32.29234,-64.785665,32.2936521,-64.7730671,1.19
626,B0096-25,2 Convict Bay Lane,Town of St. George,RELOCATED,exact,addr point 2 convict bay lane,wrong parish,32.2936656,-64.772988,32.3819777,-64.6744969,13.51
627,B0107-25,9 Lolly's Well Road,Smiths,RELOCATED,street,lollys well road (32 pts in parish),wrong parish,32.382026,-64.674536,32.3183729,-64.7299084,8.79
628,B0134-25,146 Somerset Road,Sandys,RELOCATED,exact,addr point 146 somerset road,wrong parish,32.32033,-64.729983,32.2846631,-64.8752028,14.23
629,B0150-25,33 Bloomfield Drive,Warwick,REVIEW,parish-anchor,centre of Warwick road network,street not found in OSM — NEEDS REVIEW,32.284683,-64.87527,32.2678602,-64.8053367,6.84
630,B0101-25,14 Summit View Drive,Hamilton,RELOCATED,street,summit view drive (28 pts in parish),wrong parish,32.265572,-64.820661,32.3451982,-64.724489,12.67
631,B0158-25,8 Devondale Drive,Devonshire,RELOCATED,street,devondale drive (21 pts in parish),wrong parish,32.344695,-64.724579,32.2972569,-64.7512587,5.85
632,B0076-25,8 Slip Point Lane,St. George,RELOCATED,street,slip point lane (9 pts in parish),wrong parish,32.296993,-64.75129,32.3761167,-64.6914793,10.45
633,B0163-25,8 Hastings Road,Pembroke,RELOCATED,exact,addr point 8 hastings road,wrong parish,32.376398,-64.691503,32.2929693,-64.8017899,13.92
634,B0136-25,14 Cottage Hill Road West,Hamilton,RELOCATED,street,cottage hill road west (7 pts in parish),wrong parish,32.2929526,-64.8017921,32.3416,-64.7286773,8.76
635,B0092-25,9 West Point Lane,Hamilton,RELOCATED,street,west point lane (18 pts in parish),>1.2km from west point lane,32.341832,-64.729369,32.333877,-64.7408822,1.4
636,B0126-25,1 Highwood Lane,Paget,RELOCATED,street,highwood lane (28 pts in parish),wrong parish,32.33361,-64.740621,32.2877818,-64.7788884,6.24
637,B0115-25,51 Railway Trail,Sandys,RELOCATED,street,railway trail (143 pts in parish),wrong parish,32.288179,-64.779644,32.2859375,-64.8713027,8.63
638,B0113-25,17 Melville Crescent,Devonshire,RELOCATED,street,melville crescent (14 pts in parish),wrong parish,32.282405,-64.871083,32.3000328,-64.7509621,11.47
639,BR0111-25,1 Homestead Lane,Southampton,RELOCATED,street,homestead lane (4 pts in parish),wrong parish,32.300608,-64.750419,32.2550684,-64.8634519,11.78
640,B0180-25,17 Pampas Lane,Smiths,RELOCATED,street,pampas lane (12 pts in parish),wrong parish,32.25534,-64.862894,32.3042233,-64.738753,12.89
641,B0181-25,5 Fairyland Road,Pembroke,REVIEW,parish-anchor,centre of Pembroke road network,street not found in OSM — NEEDS REVIEW,32.306537,-64.737434,32.3008022,-64.7915912,5.14
642,B0188-25,4 Lemarc Estate,Warwick,RELOCATED,street,lemarc estate (3 pts in parish),wrong parish,32.296397,-64.799038,32.2609979,-64.8133581,4.16
643,B0177-25,23 Pearman's Hill West,Warwick,kept,,,,32.261128,-64.813306,32.261128,-64.813306,
644,BR0095-25,17 Tankfield Hill,Paget,RELOCATED,street,tankfield hill (34 pts in parish),wrong parish,32.3668883,-64.6570664,32.2819691,-64.7719616,14.36
645,B0191-25,40 Crow Lane,Pembroke,RELOCATED,exact,addr point 40 crow lane,wrong parish,32.282667000000004,-64.771985,32.2936521,-64.7730671,1.23
646,B0198-25,8 Tankfield Hill,Paget,RELOCATED,street,tankfield hill (34 pts in parish),wrong parish,32.2936656,-64.772988,32.2819691,-64.7719616,1.31
647,B0209-25,13 Mizzentop,Warwick,RELOCATED,street,mizzentop (28 pts in parish),wrong parish,32.281416,-64.771472,32.2732175,-64.8066971,3.44
648,B0197-25,47 Paynters Hill,Bermuda,kept,,,,32.273322,-64.806901,32.273322,-64.806901,
649,B0185-25,2 Clouds Avenue,Warwick,RELOCATED,street,clouds avenue (2 pts in parish),wrong parish,32.3375,-64.70222,32.2577787,-64.8131251,13.7
650,B0237-25,18 Constable Close,Southampton,RELOCATED,street,constable close (10 pts in parish),wrong parish,32.257482,-64.813203,32.2526759,-64.868319,5.22
651,B0226-25,187 South Road,Paget,RELOCATED,near-number,#183 south road,wrong parish,32.251885,-64.867841,32.2936511,-64.7617649,11.02
652,B0243-25,3 Callen Glen Rise,Hamilton,RELOCATED,street,callen glen rise (27 pts in parish),wrong parish,32.291840433333334,-64.7637586333333,32.3516946,-64.7194111,7.86
653,B0235-25,16 Pitts Bay Road,Pembroke,RELOCATED,near-number,#13 pitts bay road,wrong parish,32.351726,-64.719244,32.2984631,-64.7971274,9.42
654,B0239-25,13 Garthowen Road,Devonshire,RELOCATED,street,garthowen road (21 pts in parish),wrong parish,32.29749,-64.797308,32.299317,-64.7567287,3.82
655,B0187-25,19 Hinson Island,Paget,REVIEW,parish-anchor,centre of Paget road network,street not found in OSM — NEEDS REVIEW,32.298704,-64.755451,32.2849567,-64.7753406,2.42
656,B0222-25,11 Random Lane,Warwick,RELOCATED,street,random lane (5 pts in parish),wrong parish,32.283568,-64.804394,32.2648045,-64.8058677,2.09
657,B0211-25,,Hamilton,REVIEW,parish-anchor,centre of Hamilton road network,street not found in OSM — NEEDS REVIEW,32.264628,-64.806075,32.3412801,-64.7255713,11.41
658,B0224-25,3 Ravello Garden Lane,Warwick,kept,,,,32.276808,-64.798074,32.276808,-64.798074,
659,B0256-25,5 Ord Road,Warwick,RELOCATED,near-number,#1 ord road,>0.3km from ord road,32.276808,-64.798074,32.2720093,-64.7998684,0.56
660,B0262-25,8 Barnes Valley,Paget,RELOCATED,street,barnes valley (5 pts in parish),wrong parish,32.271113,-64.799826,32.2816087,-64.7782722,2.34
661,B0250-25,31 Point Finger Road,Paget,RELOCATED,street-anchored,#7 point finger road,>1.2km from point finger road,32.281372,-64.777989,32.2929044,-64.7660607,1.71
662,B0253-25,1 Palm Lane,Devonshire,RELOCATED,street,palm lane (2 pts in parish),wrong parish,32.289433,-64.764698,32.3014706,-64.7451329,2.28
663,BR0151-25,154 Somerset Road,Sandys,RELOCATED,near-number,#158 somerset road,wrong parish,32.301445,-64.745528,32.2816408,-64.8742465,12.31
664,B0258-25,2 Green Bay Lane,Pembroke,RELOCATED,street,green bay lane (4 pts in parish),wrong parish,32.28278,-64.873352,32.302863,-64.811948,6.2
665,B0263-25,22 Gilbert Hill,Smiths,RELOCATED,street,gilbert hill (49 pts in parish),wrong parish,32.302835,-64.812383,32.3109093,-64.7392549,6.94
666,BR0156-25,134 Somerset Road,Sandys,RELOCATED,near-number,#146 somerset road,wrong parish,32.310041,-64.739027,32.2846631,-64.8752028,13.12
667,B0271-25,9 Reid Street,City of Hamilton,RELOCATED,exact,addr point 9 reid street,wrong parish,32.28898,-64.8743,32.2931564,-64.7853842,8.38
668,B0272-25,3 Rosemont Avenue,Pembroke,kept,,,,32.293206,-64.785407,32.293206,-64.785407,
669,B0273-25,41 Brighton Hill Road,Devonshire,RELOCATED,street-anchored,#26 brighton hill road,wrong parish,32.296842,-64.793113,32.3041465,-64.7529387,3.87
670,B0283-25,3 Fractious Street,Hamilton,RELOCATED,street,fractious street (20 pts in parish),wrong parish,32.301228,-64.750255,32.3484628,-64.7188159,6.03
671,B0261-25,3 Lolly's Lane,Smiths,RELOCATED,street,lollys lane (15 pts in parish),wrong parish,32.350138,-64.721166,32.32059,-64.7293269,3.38
672,B0269-25,56 Knapton Hill,Smiths,kept,,,,32.320723,-64.729884,32.320723,-64.729884,
673,B0132-25,185 South Road,Paget,RELOCATED,near-number,#183 south road,wrong parish,32.31973,-64.717588,32.2936511,-64.7617649,5.07
674,BC0075-25,8 Addendum Lane South,Pembroke,RELOCATED,street,addendum lane south (12 pts in parish),wrong parish,32.291840433333334,-64.7637586333333,32.2988213,-64.7967052,3.2
675,BR0023-25,19 Devon Point Lane,Devonshire,RELOCATED,street,devon point lane (24 pts in parish),wrong parish,32.29855,-64.795771,32.3010169,-64.7440821,4.87
676,B0039-25,4 Cliff Crescent,Southampton,RELOCATED,street,cliff crescent (8 pts in parish),wrong parish,32.301297,-64.743375,32.2560216,-64.8643495,12.45
677,BC0069-25,6 Mill Reach Lane,Pembroke,RELOCATED,near-number,#10 mill reach lane,wrong parish,32.25617,-64.865239,32.2990511,-64.8000235,7.78
678,B0299-25,7 Rocklands View,Warwick,RELOCATED,street,rocklands view (8 pts in parish),wrong parish,32.299117,-64.799605,32.2657219,-64.800233,3.72
679,B0302-25,13A Middle Road,Southampton,RELOCATED,near-number,#18 middle road,wrong parish,32.265267,-64.800734,32.2625808,-64.8689376,6.43
680,BC0106-25,9 Reid Street,City of Hamilton,RELOCATED,exact,addr point 9 reid street,wrong parish,32.264886,-64.869661,32.2931564,-64.7853842,8.53
681,B0286-25,4 Sears Hill Road,Smiths,RELOCATED,street,sears hill road (15 pts in parish),wrong parish,32.293206,-64.785407,32.3137553,-64.7334573,5.4
682,BC0094-24,2 Pomander Road,Paget,RELOCATED,exact,addr point 2 pomander road,wrong parish,32.313466,-64.733358,32.2923591,-64.770898,4.24
683,B0282-25,12 Spring Benny Road,Sandys,RELOCATED,street,spring benny road (21 pts in parish),wrong parish,32.2923598,-64.7708875,32.2685473,-64.8763044,10.27
684,BC0112-25,4 Maritime Lane,Sandys,RELOCATED,exact,addr point 4 maritime lane,>0.1km from maritime lane,32.270186,-64.8753,32.3282742,-64.8337915,7.56
685,BR0162-25,4 Between The Walls,Pembroke,RELOCATED,street,between the walls (14 pts in parish),wrong parish,32.327933,-64.833677,32.2935498,-64.7936659,5.37
686,BC0008-25,25 Serpentine Road,Pembroke,RELOCATED,near-number,#15 serpentine road,wrong parish,32.36781,-64.675603,32.2980154,-64.7950148,13.65
687,B0317-25,6 Long Point Lane,Sandys,RELOCATED,street,long point lane (22 pts in parish),wrong parish,32.298309,-64.794108,32.2978333,-64.8583795,6.05
688,B0333-25,5 North Cote West,Pembroke,RELOCATED,street,north cote west (10 pts in parish),wrong parish,32.298171,-64.859054,32.3046644,-64.8110487,4.57
689,B0340-25,9 Wilderness Lane,Smiths,RELOCATED,street,wilderness lane (28 pts in parish),wrong parish,32.303902,-64.811026,32.3150082,-64.7306188,7.67
690,B0332-25,5 Friendly Lane,Sandys,RELOCATED,street,friendly lane (6 pts in parish),wrong parish,32.316752,-64.73161,32.2960496,-64.867868,13.02
691,B0329-25,10 Vickers Bay Road,Devonshire,RELOCATED,street,vickers bay road (22 pts in parish),wrong parish,32.295811,-64.867647,32.2953597,-64.753873,10.71
692,B0328-25,7 Sunning Lane,Warwick,RELOCATED,street,sunning lane (13 pts in parish),wrong parish,32.294555,-64.753803,32.2675524,-64.8130835,6.34
693,B0334-25,64 Spanish Point Road,Pembroke,RELOCATED,exact,addr point 64 spanish point road,wrong parish,32.267609,-64.81484,32.30576,-64.8077311,4.3
694,B0341-25,17 Mcgall's Bay Road,Smiths,RELOCATED,street,mcgalls bay road (14 pts in parish),wrong parish,32.305804,-64.807741,32.3108347,-64.7305954,7.28
695,B0289-25,59 South Road,Southampton,RELOCATED,exact,addr point 59 south road,wrong parish,32.308879,-64.730553,32.2496504,-64.8415077,12.35
696,B0342-25,9 Gables Lane,Devonshire,RELOCATED,street,gables lane (5 pts in parish),wrong parish,32.249646,-64.841449,32.2941169,-64.7553714,9.5
697,B0346-25,17 Stowe Hill,Paget,RELOCATED,street,stowe hill (13 pts in parish),wrong parish,32.293739,-64.754742,32.2879876,-64.7724496,1.79
698,BC0104-25,1 Addendum Lane,Pembroke,RELOCATED,street,addendum lane (10 pts in parish),wrong parish,32.288709,-64.77274,32.2992718,-64.7968887,2.56
699,BR0210-25,69 Mangrove Bay Road,Sandys,RELOCATED,street-anchored,#55 mangrove bay road,wrong parish,32.299362,-64.797549,32.3038162,-64.8661288,6.47
700,BR0014-25,6 Sylvan Dell Road,Paget,RELOCATED,street,sylvan dell road (14 pts in parish),wrong parish,32.304518,-64.866919,32.2749053,-64.7848039,8.4
701,B0368-25,22 Daisyfield Drive,Sandys,RELOCATED,street,daisyfield drive (18 pts in parish),wrong parish,32.274754,-64.784855,32.2972364,-64.864622,7.91
702,BC0139-25,23 Church Street,City of Hamilton,RELOCATED,near-number,#22 church street,wrong parish,32.297097,-64.864832,32.2939525,-64.7850759,7.51
703,B0347-25,5 Fort George Hill,Town of St. George,RELOCATED,exact,addr point 5 fort george hill,wrong parish,32.294254,-64.78436,32.3794697,-64.6821691,13.51
704,B0377-25,8 Rock Garden Lane,Smiths,RELOCATED,street,rock garden lane (3 pts in parish),wrong parish,32.379419,-64.682268,32.3173188,-64.7248862,7.99
705,B0375-25,30 Castile Road,Warwick,REVIEW,parish-anchor,centre of Warwick road network,street not found in OSM — NEEDS REVIEW,32.317401,-64.72551,32.2678602,-64.8053367,9.32
706,B0381-25,3A Spanish Heights Road,Smiths,RELOCATED,street,spanish heights road (13 pts in parish),wrong parish,32.264861,-64.82968,32.3158359,-64.7260153,11.29
707,B0383-25,30 Pomander Road,Paget,RELOCATED,near-number,#25 pomander road,wrong parish,32.316404,-64.726281,32.291125,-64.7740484,5.3
708,B0390-25,11 Seabright Avenue,Paget,RELOCATED,street,seabright avenue (18 pts in parish),>1.2km from seabright avenue,32.291976,-64.77466,32.2883305,-64.7623112,1.23
709,BC0150-25,31 Queen Street,City of Hamilton,RELOCATED,exact,addr point 31 queen street,wrong parish,32.287818,-64.761253,32.2938591,-64.7863756,2.46
710,B0003-26,9 Harrington Sound Road,Hamilton,RELOCATED,near-number,#19 harrington sound road,wrong parish,32.293904,-64.786387,32.3315121,-64.7112575,8.22
711,B0001-26,1 Spicewood Drive,Warwick,RELOCATED,street,spicewood drive (12 pts in parish),wrong parish,32.329076,-64.712027,32.2685591,-64.7969487,10.45
712,B0378-25,7 Wellington Park,St. George,RELOCATED,exact,addr point 7 wellington park,wrong parish,32.269152,-64.796786,32.3780551,-64.6858064,16
713,BR0236-25,15 Fairways Road,Warwick,RELOCATED,street,fairways road (38 pts in parish),wrong parish,32.379257,-64.68679,32.2638422,-64.8280954,18.48
714,B0019-26,6 Fielders Lane,Smiths,RELOCATED,street,fielders lane (7 pts in parish),wrong parish,32.262136,-64.830672,32.3207178,-64.7343399,11.17
715,B0017-26,2 Gilbert Hill,Smiths,kept,,,,32.320359,-64.734391,32.320359,-64.734391,
716,B0013-26,7 Kitty's Drive,Hamilton,RELOCATED,street,kittys drive (15 pts in parish),wrong parish,32.311896,-64.740743,32.3497189,-64.7174361,4.75
717,B0009-26,23 Lovers Lane,Paget,RELOCATED,street-anchored,#2 lovers lane,wrong parish,32.34978,-64.717458,32.2857086,-64.7734863,8.87
718,B0016-26,16 Dundonald Street,City of Hamilton,RELOCATED,near-number,#9 dundonald street,wrong parish,32.287477,-64.776819,32.2962282,-64.7828579,1.13
719,B0015-26,2 Masters Mews,Warwick,RELOCATED,street,masters mews (10 pts in parish),wrong parish,32.295899,-64.783174,32.2698887,-64.7924177,3.02
720,B0026-26,,Warwick,kept,,,,32.269559,-64.792222,32.269559,-64.792222,
721,B0036-26,10 Morgan Hill,Sandys,RELOCATED,street,morgan hill (21 pts in parish),wrong parish,32.30203,-64.757146,32.287765,-64.8723049,10.95
722,B0404-25,59 Middle Road,Devonshire,RELOCATED,street-anchored,#94 middle road,wrong parish,32.287286,-64.871772,32.3036953,-64.7558272,11.06
723,B0054-26,21 Tamarind Vale,Warwick,RELOCATED,street,tamarind vale (31 pts in parish),wrong parish,32.297671,-64.785587,32.2675592,-64.8127731,4.22
724,B0031-26,9 Ferrars Lane,Pembroke,RELOCATED,near-number,#5 ferrars lane,wrong parish,32.268846,-64.81404,32.2963374,-64.7907181,3.77
725,B0062-26,3A Green Acres Road,Devonshire,RELOCATED,street,green acres road (32 pts in parish),wrong parish,32.29622,-64.791261,32.3051634,-64.7473652,4.25
726,B0063-26,40 Stovell Bay Road,Pembroke,RELOCATED,street,stovell bay road (24 pts in parish),wrong parish,32.306233,-64.747165,32.3055571,-64.8125711,6.15
727,B0051-26,45 Mangrove Bay Road,Sandys,RELOCATED,exact,addr point 45 mangrove bay road,wrong parish,32.305576,-64.811304,32.3033613,-64.8640752,4.97
728,B0042-26,12 Grasmere Road,Pembroke,RELOCATED,street,grasmere road (18 pts in parish),wrong parish,32.3033237,-64.8640225,32.3003681,-64.8069823,5.38
729,B0058-26,28 Parsons Road,Pembroke,RELOCATED,near-number,#22 parsons road,>0.3km from parsons road,32.30135,-64.80713,32.299119,-64.7774612,2.8
730,B0022-26,23 Knapton Estates Road,Smiths,RELOCATED,street,knapton estates road (59 pts in parish),wrong parish,32.299264,-64.776518,32.3169507,-64.7174564,5.9
731,B0010-26,13A Lighthouse Road,Southampton,RELOCATED,street,lighthouse road (52 pts in parish),wrong parish,32.317248,-64.716717,32.2537534,-64.8320562,12.95
732,B0060-26,6 Evans Bay Lane,Southampton,RELOCATED,street,evans bay lane (6 pts in parish),>1.2km from evans bay lane,32.253093,-64.832558,32.2593703,-64.8670377,3.32
733,B0011-26,23 Mill Shares Road,Pembroke,RELOCATED,street,mill shares road (58 pts in parish),wrong parish,32.259001,-64.867151,32.2981099,-64.8032879,7.42
734,B0081-26,35 Lolly's Well Road,Smiths,RELOCATED,street,lollys well road (32 pts in parish),wrong parish,32.298722,-64.805815,32.3183729,-64.7299084,7.47
735,B0055-26,26 Knapton Hill,Smiths,kept,,,,32.319302,-64.728991,32.319302,-64.728991,
736,B0069-26,84 Harbour Road,Warwick,RELOCATED,near-number,#89 harbour road,wrong parish,32.315555,-64.721756,32.2808345,-64.7962048,8
737,B0046-26,10 Meadow Lane,Devonshire,RELOCATED,street,meadow lane (4 pts in parish),wrong parish,32.277685,-64.799539,32.3035843,-64.7510882,5.4
738,B0040-26,11 West Point Lane,Hamilton,RELOCATED,street,west point lane (18 pts in parish),wrong parish,32.303301,-64.750517,32.333877,-64.7408822,3.52
739,B0092-26,6 Trimingham Hill,Paget,RELOCATED,street,trimingham hill (63 pts in parish),wrong parish,32.333529,-64.740664,32.2900621,-64.7690962,5.53
740,BR0005-26,27 Mission Road,Paget,kept,,,,32.290852,-64.769715,32.290852,-64.769715,
741,B0091-26,52 North Shore Road,Smiths,RELOCATED,street-anchored,#2 north shore road,wrong parish,32.278925,-64.773151,32.3158395,-64.7500276,4.65
742,B0117-26,185 South Road,Paget,RELOCATED,near-number,#183 south road,wrong parish,32.324809,-64.741325,32.2936511,-64.7617649,3.97
743,B0114-26,24 Lovers Lane,Paget,kept,,,,32.291840433333334,-64.7637586333333,32.291840433333334,-64.7637586333333,
744,B0079-26,58 My Lord's Bay Road,Hamilton,RELOCATED,street,my lords bay road (24 pts in parish),wrong parish,32.287681,-64.776073,32.3410324,-64.7316682,7.26
745,B0067-26,34 Castile Road,Warwick,REVIEW,parish-anchor,centre of Warwick road network,street not found in OSM — NEEDS REVIEW,32.339728,-64.72997,32.2678602,-64.8053367,10.69
746,BR0042-26,77 Tuckers Town Road,St. George,RELOCATED,near-number,#73 tuckers town road,wrong parish,32.264297,-64.829422,32.3375102,-64.67754,16.46
747,B0103-26,3 Long Lane,Hamilton,RELOCATED,exact,addr point 3 long lane,wrong parish,32.338238,-64.676265,32.3298972,-64.7003512,2.45
748,B0038-26,18 St. Anne's Road,Southampton,RELOCATED,near-number,#17 street annes road,wrong parish,32.329909,-64.700483,32.2519993,-64.8423243,15.91
749,B0109-26,2 St. Anne's Drive,Southampton,kept,,,,32.251447,-64.841925,32.251447,-64.841925,
750,BR0211-25,108 Harbour Road,Warwick,RELOCATED,street-anchored,#89 harbour road,wrong parish,32.250828,-64.844296,32.2808345,-64.7962048,5.63
751,B0110-26,17 Cavendish Road,Pembroke,RELOCATED,near-number,#16 cavendish road,wrong parish,32.280388,-64.796549,32.2941853,-64.7736257,2.65
752,B0133-26,9 Williams Estate,Smiths,REVIEW,parish-anchor,centre of Smith's road network,street not found in OSM — NEEDS REVIEW,32.29434,-64.774311,32.3154757,-64.7304162,4.75
753,B0122-26,16 Echo Lane,St. George,RELOCATED,exact,addr point 16 echo lane,wrong parish,32.306612,-64.735527,32.3735401,-64.6967599,8.3
754,BC0020-26,82 North Shore Road,Devonshire,RELOCATED,exact,addr point 82 north shore road,wrong parish,32.3056539905629,-64.78817544197068,32.312204,-64.7566466,3.05
755,B0136-26,19 Bayfield Road,Warwick,RELOCATED,near-number,#11 bayfield road,wrong parish,32.312172,-64.756669,32.2646449,-64.8185802,7.87
756,BR0025-26,38 South Road,Devonshire,RELOCATED,street,south road (46 pts in parish),wrong parish,32.26494,-64.820282,32.29916,-64.7501123,7.62
757,BR0043-26,110 South Road,Paget,RELOCATED,near-number,#104 south road,wrong parish,32.299717,-64.747314,32.2807832,-64.775294,3.37
758,BC0019-26,3 Market Lane,Pembroke,RELOCATED,near-number,#6 market lane,wrong parish,32.282015,-64.77564,32.2985147,-64.7947401,2.57
759,B0096-26,42 Mill Shares Road,Pembroke,RELOCATED,street,mill shares road (58 pts in parish),no coordinate,,,32.2981099,-64.8032879,
760,B0167-26,18 Tankfield Hill,Paget,RELOCATED,street,tankfield hill (34 pts in parish),wrong parish,32.299751,-64.805064,32.2819691,-64.7719616,3.69
761,B0139-26,1 Rocklands View,Warwick,RELOCATED,street,rocklands view (8 pts in parish),wrong parish,32.279493,-64.77106,32.2657219,-64.800233,3.14
762,B0147-26,2 Welcome View,Southampton,REVIEW,parish-anchor,centre of Southampton road network,street not found in OSM — NEEDS REVIEW,32.265453,-64.800223,32.2544361,-64.8439449,4.29
763,B0157-26,14 Cross Bay Road,Southampton,RELOCATED,street,cross bay road (10 pts in parish),>1.2km from cross bay road,32.252626811111114,-64.845693,32.2499162,-64.8305295,1.46
764,BC0052-25,18 Quarry Road,Hamilton,RELOCATED,street,quarry road (31 pts in parish),wrong parish,32.250044,-64.829252,32.3401286,-64.706936,15.27
765,B0182-26,100 Harbour Road,Paget,RELOCATED,street-anchored,#27 harbour road,wrong parish,32.308633,-64.744229,32.28383,-64.7866553,4.85
766,B0180-26,19 Rocky Bay Lane,Devonshire,RELOCATED,street,rocky bay lane (47 pts in parish),wrong parish,32.2810336,-64.7948055,32.299973,-64.7464361,5.02
767,B0188-26,71 North Shore Road,Hamilton,RELOCATED,exact,addr point 71 north shore road,wrong parish,32.3002368,-64.74604,32.3357651,-64.7366591,4.05
768,B0197-26,32 Knapton Estates Road,Smiths,RELOCATED,street,knapton estates road (59 pts in parish),wrong parish,32.335754,-64.736608,32.3169507,-64.7174564,2.76
769,B0198-26,20 Farmer's Lane,Warwick,RELOCATED,street,farmers lane (15 pts in parish),wrong parish,32.3174,-64.71706,32.2651982,-64.8162717,10.99
770,B0177-26,35 St. Anne's Road,Southampton,RELOCATED,near-number,#36 street annes road,wrong parish,32.2650444,-64.8161718,32.252365,-64.8395585,2.62
771,BR0086-26,22 Berry Hill Road,Paget,RELOCATED,street,berry hill road (48 pts in parish),wrong parish,32.2529735,-64.8392026,32.2940416,-64.7640316,8.43
772,BR0096-26,81 Ferry Road,St. George,RELOCATED,exact,addr point 81 ferry road,wrong parish,32.321232,-64.7123542,32.3665663,-64.7085009,5.06
773,BR0082-26,9 Inland Lane,Pembroke,RELOCATED,street,inland lane (4 pts in parish),wrong parish,32.3665563,-64.7085898,32.3022822,-64.8018259,11.32
774,B0204-26,44 Harrington Hundreds Road,Smiths,RELOCATED,street,harrington hundreds road (52 pts in parish),wrong parish,32.302365,-64.8018544,32.3181969,-64.7248279,7.46
775,B0228-26,12 Speakers Drive,St. George,RELOCATED,exact,addr point 12 speakers drive,wrong parish,32.3193995,-64.7255581,32.3778255,-64.6851287,7.53
776,B0193-26,2 North Ridge Close,Devonshire,RELOCATED,street,north ridge close (6 pts in parish),wrong parish,32.3778111,-64.6851087,32.3123045,-64.7552028,9.83
777,B0222-26,191 South Road,Paget,RELOCATED,near-number,#183 south road,wrong parish,32.3122977,-64.7551709,32.2936511,-64.7617649,2.17
778,B0210-26,6 Bayfield Road,Warwick,RELOCATED,near-number,#11 bayfield road,wrong parish,32.2699725,-64.7868268,32.2646449,-64.8185802,3.05
779,B0132-26,84 North Shore Road,Hamilton,RELOCATED,near-number,#93 north shore road,wrong parish,32.2647901,-64.8186259,32.3383547,-64.7392782,11.08
780,B0244-26,18 Lightbourne Lane,Smiths,RELOCATED,street,lightbourne lane (27 pts in parish),wrong parish,32.3506516,-64.7155702,32.3098527,-64.7435238,5.25
781,B0213-26,13 Turtle Bay Lane,Southampton,RELOCATED,street,turtle bay lane (17 pts in parish),wrong parish,32.30819,-64.74237,32.2509501,-64.8525184,12.17
782,B0242-26,8 Seabright Avenue,Paget,RELOCATED,street,seabright avenue (18 pts in parish),wrong parish,32.2511129,-64.8526628,32.2883305,-64.7623112,9.46
783,B0214-26,4 Mid Ocean Drive,St. George,RELOCATED,exact,addr point 4 mid ocean drive,wrong parish,32.2884612,-64.7620789,32.3333949,-64.6941855,8.11
784,B0212-26,14 Whale Bay Road,Southampton,RELOCATED,street,whale bay road (50 pts in parish),wrong parish,32.3333906,-64.6942276,32.2557445,-64.8707765,18.72
785,B0231-26,11 Vaughan's Bay Drive,St. George,RELOCATED,exact,addr point 11 vaughans bay drive,wrong parish,32.2564621,-64.869504,32.3695132,-64.6558535,23.73
786,B0147-27,"Bermuda Airport Solar Farm (""The Finger"")",(blank),kept,,,,32.359139,-64.685694,32.359139,-64.685694,
787,B0235-26,5 Seabright Lane,Paget,kept,,,,32.288749,-64.760913,32.288749,-64.760913,
788,B0243-26,3 Harrington Sound Road,Hamilton,RELOCATED,street-anchored,#19 harrington sound road,wrong parish,32.288622,-64.7612006,32.3315121,-64.7112575,6.7